id,owner,created,modified,title,type,description,tags,snippet,categories,accessInformation,licenseInfo,culture,url,access,license,source,extent,industries
"42a13d7737f649409e981db3f0ba1455","GISAdminChemnitz","Wed, 01 Dec 2021 13:29:47 GMT","Thu, 26 Jun 2025 12:04:28 GMT","Stadtteile","Feature Service","[Metadaten] Die Stadtteile und ihre Grenzen sind Bestandteile der Hauptsatzung der Stadt Chemnitz. Sie sind über den Stadtteilschlüssel und den Stadtteilnamen eindeutig definiert.","Chemnitz,Stadtteile,Stadtteilgrenzen,Kommunale Gebietsgliederung,gliederung","Die Einteilung erfolgte nach städtebaulichen, städteplanerischen, siedlungsstrukturellen, statistischen und administrativen Gesichtspunkten. Die Grenzziehung wurde unter Nutzung eindeutiger, langfristig beständiger und in der Realwelt erkennbarer Objekte, z. B. Straßen, Bahnlinien, Wasserläufe bzw. sonstige markante natürliche oder bauliche Grenzen vollzogen.","","","Datenlizenz Deutschland – Namensnennung – Version 2.0 (dl-de/by-2-0) (https://www.govdata.de/dl-de/by-2-0)",,"https://services6.arcgis.com/jiszdsDupTUO3fSM/arcgis/rest/services/Stadtteile_FL_1/FeatureServer","public","custom","Stadt Chemnitz","12.709822,50.710742,13.065435,50.935434",""
"c9d5912f5d3b4d35bcc3296cc7609da2","GISAdminChemnitz","Wed, 01 Dec 2021 13:10:51 GMT","Thu, 26 Jun 2025 12:04:13 GMT","Stadt","Feature Service","[Metadaten] Die Stadtteile und ihre Grenzen sind Bestandteile der Hauptsatzung der Stadt Chemnitz. Sie sind über den Stadtteilschlüssel und den Stadtteilnamen eindeutig definiert.","Chemnitz,Stadtteile,Stadtteilgrenzen,Kommunale Gebietsgliederung,gliederung","Die Einteilung erfolgte nach städtebaulichen, städteplanerischen, siedlungsstrukturellen, statistischen und administrativen Gesichtspunkten. Die Grenzziehung wurde unter Nutzung eindeutiger, langfristig beständiger und in der Realwelt erkennbarer Objekte, z. B. Straßen, Bahnlinien, Wasserläufe bzw. sonstige markante natürliche oder bauliche Grenzen vollzogen.","","","Datenlizenz Deutschland – Namensnennung – Version 2.0 (dl-de/by-2-0) (https://www.govdata.de/dl-de/by-2-0)",,"https://services6.arcgis.com/jiszdsDupTUO3fSM/arcgis/rest/services/Stadt_FL_1/FeatureServer","public","custom","Stadt Chemnitz","12.709822,50.710742,13.065435,50.935434",""
"d9813b49cc6b4b55af593c64155e79d7","GISAdminChemnitz","Thu, 02 Dec 2021 07:38:32 GMT","Thu, 26 Jun 2025 12:02:20 GMT","Wahlbezirke","Feature Service","[Metadaten] Einteilung der Stadt Chemnitz in Wahlbezirke","Chemnitz,Wahlbezirke,Wahlen,Gebietsgliederung,gliederung","Wahlbezirke, Wahlen","","","Datenlizenz Deutschland – Namensnennung – Version 2.0 (dl-de/by-2-0) (https://www.govdata.de/dl-de/by-2-0)",,"https://services6.arcgis.com/jiszdsDupTUO3fSM/arcgis/rest/services/Wahlbezirke_FL_1/FeatureServer","public","custom","Stadt Chemnitz","12.709822,50.710742,13.065435,50.935434",""
"2276ee2e86214fadbf87d958f4bcec2c","GISAdminChemnitz","Tue, 10 Jun 2025 11:32:52 GMT","Thu, 26 Jun 2025 11:59:21 GMT","E_Ladepunkte","Feature Service","[Metadaten] Standorte der Ladepunkte der E-Mobilität im Stadtgebiet Chemnitz.","Chemnitz,Ladepunkte,Elektromobilität,E-Tankstellen,Elektroladesäulen,verkehr","Visualisierung der Standorte (und Sachdaten) der Ladepunkte der E-Mobilität („Elektro-Tankstellen“) im Kontext der alternativen Mobilität.","","","Datenlizenz Deutschland – Namensnennung – Version 2.0 (dl-de/by-2-0) (https://www.govdata.de/dl-de/by-2-0)",,"https://services6.arcgis.com/jiszdsDupTUO3fSM/arcgis/rest/services/E_Ladepunkte_Sicht/FeatureServer","public","custom","Stadt Chemnitz","12.709822,50.710742,13.065435,50.935434",""
"968b6990bfe74a2096cd6a0daee9cb15","GISAdminChemnitz","Fri, 02 May 2025 07:57:44 GMT","Thu, 26 Jun 2025 11:47:13 GMT","Spiel_und_Freizeitanlagen_Punkte","Feature Service","[Metadaten] Unabhängig von der Ausbildung der Symbolik können dieselben Sachinformationen abgerufen werden. Zusätzlich können (ab Maßstab 1:500) die einzelnen Ausstattungselemente bestimmt werden. Als Zusatzinformation werden Bilder zur Anlage angezeigt, sowie die derzeit aus Sicherheitsgründen gesperrten Geräte. Planung und Unterhaltung der Anlagen haben Einfluss auf die Darstellung, eine Tagesaktualität in der Darstellung der Spielplätze und Spielgeräte ist daher nicht gegeben.","Chemnitz,Spielplätze,Spielgeräte,Freizeitanlagen,Ausstattung,freizeit","Symbolhafte Darstellung der Spiel- oder Freizeitanlage nach Nutzungsschwerpunkt. 
Ab dem Maßstab 1:5.000 erfolgt die flächenhafte Dastellung der Anlage. 
Zusätzlich werden ab dem Maßstab 1:500 die einzelnen Ausstattungselemente innerhalb der Anlagen dargestellt.","","","Datenlizenz Deutschland – Namensnennung – Version 2.0 (dl-de/by-2-0) (https://www.govdata.de/dl-de/by-2-0)",,"https://services6.arcgis.com/jiszdsDupTUO3fSM/arcgis/rest/services/Spiel_und_Freizeitanlagen_Punkte_Sicht/FeatureServer","public","custom","Stadt Chemnitz","12.709822,50.710742,13.065435,50.935434",""
"63b5a093532c490b827a0c001ada3473","GISAdminChemnitz","Fri, 02 May 2025 08:05:25 GMT","Thu, 26 Jun 2025 11:46:46 GMT","Spiel_und_Freizeitanlagen_Flächen","Feature Service","[Metadaten] Unabhängig von der Ausbildung der Symbolik können dieselben Sachinformationen abgerufen werden. Zusätzlich können (ab Maßstab 1:500) die einzelnen Ausstattungselemente bestimmt werden. Als Zusatzinformation werden Bilder zur Anlage angezeigt, sowie die derzeit aus Sicherheitsgründen gesperrten Geräte. Planung und Unterhaltung der Anlagen haben Einfluss auf die Darstellung, eine Tagesaktualität in der Darstellung der Spielplätze und Spielgeräte ist daher nicht gegeben.","Chemnitz,Spielplätze,Spielgeräte,Freizeitanlagen,Ausstattung,freizeit","Symbolhafte Darstellung der Spiel- oder Freizeitanlage nach Nutzungsschwerpunkt. 
Ab dem Maßstab 1:5.000 erfolgt die flächenhafte Dastellung der Anlage. 
Zusätzlich werden ab dem Maßstab 1:500 die einzelnen Ausstattungselemente innerhalb der Anlagen dargestellt.","","","Datenlizenz Deutschland – Namensnennung – Version 2.0 (dl-de/by-2-0) (https://www.govdata.de/dl-de/by-2-0)",,"https://services6.arcgis.com/jiszdsDupTUO3fSM/arcgis/rest/services/Spiel_und_Freizeitanlagen_Fl%C3%A4chen_FL_Sicht/FeatureServer","public","custom","Stadt Chemnitz","12.709822,50.710742,13.065435,50.935434",""
"678af985ad284148b7fef946d23347a9","GISAdminChemnitz","Fri, 03 Nov 2023 08:20:21 GMT","Thu, 26 Jun 2025 11:46:25 GMT","Baeume","Feature Service","[Metadaten] Der Datenbestand dient der Darstellung von Standorten geschützter Bäume (grafische Nachführung zu den Sachdaten des Baumkatasters) im öffentlichen Raum. Er liefert Informationen zur Baumpflege, -Kontrolle und Planung. Außerdem wird er zur Prüfung der Genehmigungsfähigkeit von Bauvorhaben, Zulässigkeit von Planungen, Aufklärung von Schadensfällen usw. benötigt.","Chemnitz,grün","Baumkataster (Straßen- bzw. Anlagenbäume): nach §1 der Baumschutzsatzung der Stadt Chemnitz geschützte Bäume","","","Datenlizenz Deutschland – Namensnennung – Version 2.0 (dl-de/by-2-0) (https://www.govdata.de/dl-de/by-2-0)",,"https://services6.arcgis.com/jiszdsDupTUO3fSM/arcgis/rest/services/Baeume_Sicht/FeatureServer","public","custom","Stadt Chemnitz","12.709822,50.710742,13.065435,50.935434",""
"7bac27e65a9a49abacbe6bfc06c8f75a","GISAdminChemnitz","Fri, 03 Nov 2023 09:22:11 GMT","Thu, 26 Jun 2025 11:45:59 GMT","Kindertageseinrichtungen","Feature Service","[Metadaten] Kindertageseinrichtungen (ArcGIS-Welt)","Kindergarten,Hort,Tagespflege,Tagesmütter,Tagesväter,Chemnitz,bildungfamilie","Durch Adresspunkte symbolisch dargestellte Kindertageseinrichtungen","","","Datenlizenz Deutschland – Namensnennung – Version 2.0 (dl-de/by-2-0) (https://www.govdata.de/dl-de/by-2-0)",,"https://services6.arcgis.com/jiszdsDupTUO3fSM/arcgis/rest/services/Kindertageseinrichtungen_Sicht/FeatureServer","public","custom","Stadt Chemnitz","12.709822,50.710742,13.065435,50.935434",""
"dd754d51d00d47e9ae2d716bce870a7e","GISAdminChemnitz","Thu, 10 Oct 2024 10:11:59 GMT","Wed, 21 May 2025 05:56:22 GMT","Digitale Stadtgrundkarte [s/w] Raster","Map Service","[Metadaten] [WMS-URL] Verwendung als großmaßstäbige Karte im Maßstabsbereich 1:500 bis 1:2000","Chemnitz,Topographie,amtliche Stadtkartenwerke,digitale Stadtgrundkarte,stadtgrundkarte","Die Digitale Stadtgrundkarte Chemnitz 1:1000 (DSGKC) baut auf der Liegenschaftskarte (Flurstücke, Gemarkungen, Gebäude, Nutzungsgrenzen, politische Grenzen  und Grenzpunkte) auf und ergänzt diese durch topographische Objekte sowie Geländeformen in einer schwarz-weiß Darstellung. Link zum WMS-Dienst siehe 'vollständige Details'.","","","Datenlizenz Deutschland – Namensnennung – Version 2.0 (dl-de/by-2-0) (https://www.govdata.de/dl-de/by-2-0)","de","https://utility.arcgis.com/usrsvcs/servers/dd754d51d00d47e9ae2d716bce870a7e/rest/services/Stadtkarten/DSGKC_sw_raster/MapServer","public","custom","Stadt Chemnitz","12.709822,50.710742,13.065435,50.935434",""
"7bb73fc899cd4b509d0d4aa334592db5","GISAdminChemnitz","Tue, 15 Oct 2024 15:32:56 GMT","Wed, 21 May 2025 05:56:14 GMT","Digitale Stadtgrundkarte [s/w] MapService","Map Service","[Metadaten] [WMS-URL] Verwendung als großmaßstäbige Karte im Maßstabsbereich 1:500 bis 1:2000","amtliche Stadtkartenwerke,Chemnitz,digitale Stadtgrundkarte,stadtgrundkarte,Topographie","Die Digitale Stadtgrundkarte Chemnitz 1:1000 (DSGKC) baut auf der Liegenschaftskarte (Flurstücke, Gemarkungen, Gebäude, Nutzungsgrenzen, politische Grenzen  und Grenzpunkte) auf und ergänzt diese durch topographische Objekte sowie Geländeformen in einer schwarz-weiß Darstellung. Link zum WMS-Dienst siehe 'vollständige Details'.","","","Datenlizenz Deutschland – Namensnennung – Version 2.0 (dl-de/by-2-0) (https://www.govdata.de/dl-de/by-2-0)","de","https://www-11.stadt-chemnitz.de/wss/service/ags-relay/prod-ags/guest/arcgis/rest/services/Stadtkarten_dyn/DSGKC_sw/MapServer","public","custom","Stadt Chemnitz","12.770299999998063,50.74279999999231,13.041999999998014,50.88309999999225",""
"18de70f8de784565a7cc15c63db88be5","GISAdminChemnitz","Thu, 10 Oct 2024 10:32:18 GMT","Wed, 21 May 2025 05:56:05 GMT","Digitale Stadtgrundkarte [s/w]","Map Service","[Metadaten] [WMS-URL] Verwendung als großmaßstäbige Karte im Maßstabsbereich 1:500 bis 1:2000","Chemnitz,Topographie,amtliche Stadtkartenwerke,digitale Stadtgrundkarte,stadtgrundkarte","Die Digitale Stadtgrundkarte Chemnitz 1:1000 (DSGKC) baut auf der Liegenschaftskarte (Flurstücke, Gemarkungen, Gebäude, Nutzungsgrenzen, politische Grenzen  und Grenzpunkte) auf und ergänzt diese durch topographische Objekte sowie Geländeformen in einer schwarz-weiß Darstellung. Link zum WMS-Dienst siehe 'vollständige Details'.","","","Datenlizenz Deutschland – Namensnennung – Version 2.0 (dl-de/by-2-0) (https://www.govdata.de/dl-de/by-2-0)","de","https://utility.arcgis.com/usrsvcs/servers/18de70f8de784565a7cc15c63db88be5/rest/services/Stadtkarten_dyn/DSGKC_sw/MapServer","public","custom","Stadt Chemnitz","12.709822,50.710742,13.065435,50.935434",""
"ed13d6e084e149b6882af24e44ad311e","GISAdminChemnitz","Thu, 10 Oct 2024 12:37:19 GMT","Wed, 21 May 2025 05:55:56 GMT","Digitale Stadtgrundkarte [farbig] Raster","Map Service","[Metadaten] [WMS-URL] Verwendung als großmaßstäbige Karte im Maßstabsbereich 1:500 bis 1:2000","Chemnitz,Topographie,amtliche Stadtkartenwerke,digitale Stadtgrundkarte,stadtgrundkarte","Die Digitale Stadtgrundkarte Chemnitz 1:1000 (DSGKC) baut auf der Liegenschaftskarte (Flurstücke, Gemarkungen, Gebäude, Nutzungsgrenzen, politische Grenzen  und Grenzpunkte) auf und ergänzt diese durch topographische Objekte sowie Geländeformen in einer farbigen Darstellung. Link zum WMS-Dienst siehe 'vollständige Details'.","","","Datenlizenz Deutschland – Namensnennung – Version 2.0 (dl-de/by-2-0) (https://www.govdata.de/dl-de/by-2-0)","de","https://utility.arcgis.com/usrsvcs/servers/ed13d6e084e149b6882af24e44ad311e/rest/services/Stadtkarten/DSGKC_farbig_raster/MapServer","public","custom","Stadt Chemnitz","12.709822,50.710742,13.065435,50.935434",""
"a5621bb866124c11ac423e7a39e50e63","GISAdminChemnitz","Tue, 15 Oct 2024 15:59:08 GMT","Wed, 21 May 2025 05:55:47 GMT","Digitale Stadtgrundkarte [farbig] MapService","Map Service","[Metadaten] [WMS-URL] Verwendung als großmaßstäbige Karte im Maßstabsbereich 1:500 bis 1:2000","amtliche Stadtkartenwerke,Chemnitz,digitale Stadtgrundkarte,stadtgrundkarte,Topographie","Die Digitale Stadtgrundkarte Chemnitz 1:1000 (DSGKC) baut auf der Liegenschaftskarte (Flurstücke, Gemarkungen, Gebäude, Nutzungsgrenzen, politische Grenzen  und Grenzpunkte) auf und ergänzt diese durch topographische Objekte sowie Geländeformen in einer farbigen Darstellung. Link zum WMS-Dienst siehe 'vollständige Details'.","","","Datenlizenz Deutschland – Namensnennung – Version 2.0 (dl-de/by-2-0) (https://www.govdata.de/dl-de/by-2-0)","de","https://www-11.stadt-chemnitz.de/wss/service/ags-relay/prod-ags/guest/arcgis/rest/services/Stadtkarten_dyn/DSGKC_farbig/MapServer","public","custom","Stadt Chemnitz","12.770299999998063,50.74279999999231,13.041999999998014,50.88309999999225",""
"5bfe59379c204fdeb6de5ac82b1f80a1","GISAdminChemnitz","Tue, 08 Oct 2024 15:20:38 GMT","Wed, 21 May 2025 05:55:39 GMT","Digitale Stadtgrundkarte [farbig]","Map Service","[Metadaten] [WMS-URL] Verwendung als großmaßstäbige Karte im Maßstabsbereich 1:500 bis 1:2000","Chemnitz,Topographie,amtliche Stadtkartenwerke,digitale Stadtgrundkarte,stadtgrundkarte","Die Digitale Stadtgrundkarte Chemnitz 1:1000 (DSGKC) baut auf der Liegenschaftskarte (Flurstücke, Gemarkungen, Gebäude, Nutzungsgrenzen, politische Grenzen  und Grenzpunkte) auf und ergänzt diese durch topographische Objekte sowie Geländeformen in einer farbigen Darstellung. Link zum WMS-Dienst siehe 'vollständige Details'.","","","Datenlizenz Deutschland – Namensnennung – Version 2.0 (dl-de/by-2-0) (https://www.govdata.de/dl-de/by-2-0)","de","https://utility.arcgis.com/usrsvcs/servers/5bfe59379c204fdeb6de5ac82b1f80a1/rest/services/Stadtkarten_dyn/DSGKC_farbig/MapServer","public","custom","Stadt Chemnitz","12.709822,50.710742,13.065435,50.935434",""
"036591adaadc407fb3eb8f0edcdae387","GISAdminChemnitz","Thu, 10 Oct 2024 10:24:58 GMT","Wed, 21 May 2025 05:55:29 GMT","Digitale Stadtgrundkarte [dezent] Raster","Map Service","[Metadaten] [WMS-URL] Verwendung als großmaßstäbige Karte im Maßstabsbereich 1:500 bis 1:2000","Chemnitz,Topographie,amtliche Stadtkartenwerke,digitale Stadtgrundkarte,stadtgrundkarte","Die Digitale Stadtgrundkarte Chemnitz 1:1000 (DSGKC) baut auf der Liegenschaftskarte (Flurstücke, Gemarkungen, Gebäude, Nutzungsgrenzen, politische Grenzen  und Grenzpunkte) auf und ergänzt diese durch topographische Objekte sowie Geländeformen in einer dezent-schraffierten Darstellung. Link zum WMS-Dienst siehe 'vollständige Details'.","","","Datenlizenz Deutschland – Namensnennung – Version 2.0 (dl-de/by-2-0) (https://www.govdata.de/dl-de/by-2-0)","de","https://utility.arcgis.com/usrsvcs/servers/036591adaadc407fb3eb8f0edcdae387/rest/services/Stadtkarten/DSGKC_dezent_raster/MapServer","public","custom","Stadt Chemnitz","12.709822,50.710742,13.065435,50.935434",""
"23b05436af9444728478768c8ed4bd5a","GISAdminChemnitz","Tue, 15 Oct 2024 16:03:30 GMT","Wed, 21 May 2025 05:55:10 GMT","Digitale Stadtgrundkarte [dezent] MapService","Map Service","[Metadaten] [WMS-URL] Verwendung als großmaßstäbige Karte im Maßstabsbereich 1:500 bis 1:2000","Chemnitz,Topographie,amtliche Stadtkartenwerke,digitale Stadtgrundkarte,stadtgrundkarte","Die Digitale Stadtgrundkarte Chemnitz 1:1000 (DSGKC) baut auf der Liegenschaftskarte (Flurstücke, Gemarkungen, Gebäude, Nutzungsgrenzen, politische Grenzen  und Grenzpunkte) auf und ergänzt diese durch topographische Objekte sowie Geländeformen in einer dezent-schraffierten Darstellung. Link zum WMS-Dienst siehe 'vollständige Details'.","","","Datenlizenz Deutschland – Namensnennung – Version 2.0 (dl-de/by-2-0) (https://www.govdata.de/dl-de/by-2-0)","de","https://www-11.stadt-chemnitz.de/wss/service/ags-relay/prod-ags/guest/arcgis/rest/services/Stadtkarten_dyn/DSGKC_dezent/MapServer","public","custom","Stadt Chemnitz","12.770299999998063,50.74279999999231,13.041999999998014,50.88309999999225",""
"258f894b6ea14481924fb8905e33dbe5","GISAdminChemnitz","Thu, 10 Oct 2024 10:39:18 GMT","Wed, 21 May 2025 05:55:00 GMT","Digitale Stadtgrundkarte [dezent]","Map Service","[Metadaten] [WMS-URL] Verwendung als großmaßstäbige Karte im Maßstabsbereich 1:500 bis 1:2000","Chemnitz,Topographie,amtliche Stadtkartenwerke,digitale Stadtgrundkarte,stadtgrundkarte","Die Digitale Stadtgrundkarte Chemnitz 1:1000 (DSGKC) baut auf der Liegenschaftskarte (Flurstücke, Gemarkungen, Gebäude, Nutzungsgrenzen, politische Grenzen  und Grenzpunkte) auf und ergänzt diese durch topographische Objekte sowie Geländeformen in einer dezent-schraffierten Darstellung. Link zum WMS-Dienst siehe 'vollständige Details'.","","","Datenlizenz Deutschland – Namensnennung – Version 2.0 (dl-de/by-2-0) (https://www.govdata.de/dl-de/by-2-0)","de","https://utility.arcgis.com/usrsvcs/servers/258f894b6ea14481924fb8905e33dbe5/rest/services/Stadtkarten_dyn/DSGKC_dezent/MapServer","public","custom","Stadt Chemnitz","12.709822,50.710742,13.065435,50.935434",""
"3b3be352b2de4d4896f169a013c74a13","GISAdminChemnitz","Mon, 31 Mar 2025 08:00:54 GMT","Tue, 29 Apr 2025 09:01:39 GMT","Erhaltungssatzung","Feature Service","[Metadaten] Darstellung der Flächen des Stadtgebietes, für die eine Erhaltungssatzung beschlossen oder in Arbeit ist; Fläche darf nur gemäß der in der Satzung definierten Richtlinien bebaut werden","Chemnitz,Stadtplanung,Bauleitplanung,entwicklung","Erhaltungssatzung nach BauGB","","","Datenlizenz Deutschland – Namensnennung – Version 2.0 (dl-de/by-2-0) (https://www.govdata.de/dl-de/by-2-0)",,"https://services6.arcgis.com/jiszdsDupTUO3fSM/arcgis/rest/services/Erhaltungssatzung_FL_Sicht/FeatureServer","public","custom","Stadt Chemnitz","12.709822,50.710742,13.065435,50.935434",""
"e970616de2924d4fbfa34d0cf4a16c5b","GISAdminChemnitz","Mon, 31 Mar 2025 07:19:29 GMT","Tue, 29 Apr 2025 09:01:35 GMT","Gestaltungssatzung","Feature Service","[Metadaten] Darstellung der Flächen des Stadtgebietes, für die eine Gestaltungssatzung beschlossen oder in Arbeit ist; Fläche darf nur gemäß der in der Satzung definierten Richtlinien bebaut werden","Chemnitz,Stadtplanung,Bauleitplanung,entwicklung","Gestaltungssatzung nach BauGB","","","Datenlizenz Deutschland – Namensnennung – Version 2.0 (dl-de/by-2-0) (https://www.govdata.de/dl-de/by-2-0)",,"https://services6.arcgis.com/jiszdsDupTUO3fSM/arcgis/rest/services/Gestaltungssatzung_FL_Sicht/FeatureServer","public","custom","Stadt Chemnitz","12.709822,50.710742,13.065435,50.935434",""
"de4807d188bc4762aa4d0da9d7e1e95d","GISAdminChemnitz","Mon, 31 Mar 2025 07:57:13 GMT","Tue, 29 Apr 2025 09:01:30 GMT","SatzungBauGB","Feature Service","[Metadaten] Darstellung der Flächen des Stadtgebietes, für die eine Satzung lt. Baugesetzbuch beschlossen oder in Arbeit ist, Fläche darf nur gemäß der in der Satzung definierten Richtlinien bebaut werden.","Chemnitz,Stadtplanung,Bauleitplanung,entwicklung","Sonstige Satzung nach BauGB","","","Datenlizenz Deutschland – Namensnennung – Version 2.0 (dl-de/by-2-0) (https://www.govdata.de/dl-de/by-2-0)",,"https://services6.arcgis.com/jiszdsDupTUO3fSM/arcgis/rest/services/SatzungBauGB_FL_Sicht/FeatureServer","public","custom","Stadt Chemnitz","12.709822,50.710742,13.065435,50.935434",""
"bab5017e592644d38611cecccac0616f","GISAdminChemnitz","Mon, 31 Mar 2025 07:15:11 GMT","Tue, 29 Apr 2025 09:01:21 GMT","Veraenderungssperre","Feature Service","[Metadaten] Fläche, für deren Gebiet eine zeitlich begrenzt wirkende Sperre jeder Veränderung des derzeitigen Zustandes festgelegt wurde (z. B im Zusammenhang mit Neuaufteilung von Flurstücken - sog. UMLEGUNGEN).","Chemnitz,Stadtplanung,Bauleitplanung,entwicklung","Veränderungssperre nach BauGB","","","Datenlizenz Deutschland – Namensnennung – Version 2.0 (dl-de/by-2-0) (https://www.govdata.de/dl-de/by-2-0)",,"https://services6.arcgis.com/jiszdsDupTUO3fSM/arcgis/rest/services/Veraenderungssperre_FL_Sicht/FeatureServer","public","custom","Stadt Chemnitz","12.709822,50.710742,13.065435,50.935434",""
"a47d3e8c524a4ca4b969a9b7fbb299b5","GISAdminChemnitz","Mon, 31 Mar 2025 06:56:18 GMT","Tue, 29 Apr 2025 09:00:41 GMT","Bebauungsplaene","Feature Service","[Metadaten] Darstellung der Flächen des Stadtgebietes, für die eine Bauleitplanung vorliegt (B-Planung); Fläche darf nur gemäß der in der B-Planung definierten Richtlinien bebaut werden.","Chemnitz,Stadtplanung,Bauleitplanung,entwicklung","Vorzeitige Bebauungspläne, Bebauungspläne, Vorhaben- u. Erschließungspläne und vorhabenbezogenene Bebauungspläne","","","Datenlizenz Deutschland – Namensnennung – Version 2.0 (dl-de/by-2-0) (https://www.govdata.de/dl-de/by-2-0)",,"https://services6.arcgis.com/jiszdsDupTUO3fSM/arcgis/rest/services/Bebauungsplaene_Sicht/FeatureServer","public","custom","Stadt Chemnitz","12.709822,50.710742,13.065435,50.935434",""
"96585a6757a1428dbdb5788e848f8537","GISAdminChemnitz","Thu, 15 Feb 2024 12:45:48 GMT","Fri, 11 Apr 2025 06:33:14 GMT","Nette_Toilette","Feature Service","[Metadaten] Standorte von öffentlichen Toiletten im Rahmen des Projekts ""Nette Toilette""","Chemnitz,Nette,Toilette,WC,öffentlich,allgemein","Projekt des Stadtrates um mehr öffentliche Toiletten in der Chemniter Innenstadt zu schaffen","","","Datenlizenz Deutschland – Namensnennung – Version 2.0 (dl-de/by-2-0) (https://www.govdata.de/dl-de/by-2-0)",,"https://services6.arcgis.com/jiszdsDupTUO3fSM/arcgis/rest/services/Nette_Toilette_FL_Sicht/FeatureServer","public","custom","Stadt Chemnitz","12.709822,50.710742,13.065435,50.935434",""
"4c331993dab54b49bbc9debfc5928ec3","GISAdminChemnitz","Wed, 24 Nov 2021 05:33:45 GMT","Fri, 11 Apr 2025 06:25:36 GMT","Schulen","Feature Service","[Metadaten] Schulen der Stadt Chemnitz","Chemnitz,Schulen,GS,OS,Gymnasium,Gym,Förderschulen,FS,FöS,BSZ,Berufsschulen,Berufliche Schulzentren,Zweiter Bildungsweg,2. Bildungsweg,Heim,Internat,Sportschulen,Planetarium,MPZ,Medienpädagogisches Zentrum,bildungfamilie","Durch Adress-Punkte symbolisch dargestellte Schulen.","","","Datenlizenz Deutschland – Namensnennung – Version 2.0 (dl-de/by-2-0) (https://www.govdata.de/dl-de/by-2-0)",,"https://services6.arcgis.com/jiszdsDupTUO3fSM/arcgis/rest/services/Schulen_OpenData/FeatureServer","public","custom","Stadt Chemnitz","12.709822,50.710742,13.065435,50.935434",""
"2d3b5c7b5e594b7fa5ba4d7bc083a48c","GISAdminChemnitz","Wed, 09 Apr 2025 07:58:33 GMT","Wed, 09 Apr 2025 12:45:55 GMT","Praeventive_Hilfen","Feature Service","[Metadaten] Präventive Hilfen in Chemnitz","präventiv,Kinder,Jugend,Chemnitz,Soziales,Familie,bildungfamilie","Präventive Hilfen","","","Datenlizenz Deutschland – Namensnennung – Version 2.0 (dl-de/by-2-0) (https://www.govdata.de/dl-de/by-2-0)",,"https://services6.arcgis.com/jiszdsDupTUO3fSM/arcgis/rest/services/Praeventive_Hilfen/FeatureServer","public","custom","Stadt Chemnitz","12.709822,50.710742,13.065435,50.935434",""
"f0becb86db7c40ae8a49533f7a60af97","GISAdminChemnitz","Tue, 08 Apr 2025 07:57:24 GMT","Wed, 09 Apr 2025 12:45:08 GMT","Jugendhilfe_Strafverfahren","Feature Service","[Metadaten] Jugendhilfe im Strafverfahren in Chemnitz","Chemnitz,bildungfamilie","Jugendhilfe im Strafverfahren","","","Datenlizenz Deutschland – Namensnennung – Version 2.0 (dl-de/by-2-0) (https://www.govdata.de/dl-de/by-2-0)",,"https://services6.arcgis.com/jiszdsDupTUO3fSM/arcgis/rest/services/Jugendhilfe_Strafverfahren_Sicht/FeatureServer","public","custom","Stadt Chemnitz","12.888896673087235,50.80824037019849,12.939642167033565,50.8457987132745",""
"919ccbb14c3d462586e7067785afa835","GISAdminChemnitz","Tue, 08 Apr 2025 09:13:51 GMT","Wed, 09 Apr 2025 12:44:30 GMT","Familienbildung","Feature Service","[Metadaten] Familienbildung in Chemnitz","Strafverfahren,Kinder,Jugend,Chemnitz,Soziales,Familie,bildungfamilie","Familienbildung","","","Datenlizenz Deutschland – Namensnennung – Version 2.0 (dl-de/by-2-0) (https://www.govdata.de/dl-de/by-2-0)",,"https://services6.arcgis.com/jiszdsDupTUO3fSM/arcgis/rest/services/Familienbildung_FL_Sicht/FeatureServer","public","custom","Stadt Chemnitz","12.709822,50.710742,13.065435,50.935434",""
"92df614f069648b09fb36d41ae16895b","GISAdminChemnitz","Tue, 08 Apr 2025 09:06:08 GMT","Wed, 09 Apr 2025 12:43:47 GMT","Pflegekinderwesen","Feature Service","[Metadaten] Pflegekinderwesen in Chemnitz","Pflegekinder,Kinder,Jugend,Chemnitz,Soziales,Familie,bildungfamilie","Pflegekinderwesen","","","Datenlizenz Deutschland – Namensnennung – Version 2.0 (dl-de/by-2-0) (https://www.govdata.de/dl-de/by-2-0)",,"https://services6.arcgis.com/jiszdsDupTUO3fSM/arcgis/rest/services/Pflegekinderwesen_FL_Sicht/FeatureServer","public","custom","Stadt Chemnitz","12.709822,50.710742,13.065435,50.935434",""
"12b2e9852be946c18dd619d337f72f78","GISAdminChemnitz","Tue, 30 Nov 2021 13:31:42 GMT","Wed, 09 Apr 2025 12:42:16 GMT","Kinder_und_Jugend_Freizeiteinrichtungen","Feature Service","[Metadaten] Kinder- und Jugendfreizeiteinrichtungen","Freizeitangebote,Jugend,Kinder,Familie,Chemnitz,freizeit","Kinder- und Jugendfreizeiteinrichtungen","","","Datenlizenz Deutschland – Namensnennung – Version 2.0 (dl-de/by-2-0) (https://www.govdata.de/dl-de/by-2-0)",,"https://services6.arcgis.com/jiszdsDupTUO3fSM/arcgis/rest/services/Kinder_und_Jugend_Freizeiteinrichtungen_FL_1/FeatureServer","public","custom","Stadt Chemnitz","12.709822,50.710742,13.065435,50.935434",""
"9e799d7220f74aa7b800651ec71555e1","GISAdminChemnitz","Tue, 30 Nov 2021 12:59:41 GMT","Wed, 09 Apr 2025 12:41:47 GMT","Ausserschulische_Jugendbildung","Feature Service","[Metadaten] Außerschulische Jugendbildung in Chemnitz","Kinder,Jugend,Außerschulische Jugendbildung,Chemnitz,Freizeit,Beratung,freizeit","Außerschulische Jugendbildung","","","Datenlizenz Deutschland – Namensnennung – Version 2.0 (dl-de/by-2-0) (https://www.govdata.de/dl-de/by-2-0)",,"https://services6.arcgis.com/jiszdsDupTUO3fSM/arcgis/rest/services/Ausserschulische_Jugendarbeit_FL_1/FeatureServer","public","custom","Stadt Chemnitz","12.709822,50.710742,13.065435,50.935434",""
"ac80baa5f2b44f2799a45935e75a64ec","GISAdminChemnitz","Tue, 30 Nov 2021 13:20:08 GMT","Wed, 09 Apr 2025 12:41:14 GMT","Jugendberufshilfe","Feature Service","[Metadaten] Stellen zur Berufswahl und Berufsbegleitung für Jugendliche in Chemnitz","Berufsbegleitung,Berufsvorbereitung,Jugend,Beruf,Familie,Chemnitz,bildungfamilie","Jugendberufshilfe","","","Datenlizenz Deutschland – Namensnennung – Version 2.0 (dl-de/by-2-0) (https://www.govdata.de/dl-de/by-2-0)",,"https://services6.arcgis.com/jiszdsDupTUO3fSM/arcgis/rest/services/Jugendberufshilfen_FL_1/FeatureServer","public","custom","Stadt Chemnitz","12.709822,50.710742,13.065435,50.935434",""
"5657e8f2a2874ecf970825144816ff96","GISAdminChemnitz","Tue, 08 Apr 2025 07:57:48 GMT","Wed, 09 Apr 2025 12:40:52 GMT","Jugendverbandsarbeit","Feature Service","[Metadaten] Jugendverbandsarbeit in Chemnitz","Chemnitz,bildungfamilie","Jugendverbandsarbeit","","","Datenlizenz Deutschland – Namensnennung – Version 2.0 (dl-de/by-2-0) (https://www.govdata.de/dl-de/by-2-0)",,"https://services6.arcgis.com/jiszdsDupTUO3fSM/arcgis/rest/services/Jugendverbandsarbeit_Sicht/FeatureServer","public","custom","Stadt Chemnitz","12.83235799158101,50.78991308453744,12.978087973417285,50.877363041153714",""
"2ffcca54f4bd40778447d9eb9ffadf8f","GISAdminChemnitz","Tue, 08 Apr 2025 09:16:01 GMT","Tue, 08 Apr 2025 09:16:50 GMT","Beratungsangebote","Feature Service","[Metadaten] Beratungsangebote der Stadt Chemnitz","Kinder,Beratungsangebote,Familie,Beratung,Jugend,bildungfamilie","Beratungsangebote","","","Datenlizenz Deutschland – Namensnennung – Version 2.0 (dl-de/by-2-0) (https://www.govdata.de/dl-de/by-2-0)",,"https://services6.arcgis.com/jiszdsDupTUO3fSM/arcgis/rest/services/Beratungsangebote_FL_Sicht/FeatureServer","public","custom","Stadt Chemnitz","12.709822,50.710742,13.065435,50.935434",""
"6fa271b8400d4287906df93678df4dfb","GISAdminChemnitz","Thu, 02 Dec 2021 06:31:19 GMT","Wed, 02 Apr 2025 11:28:22 GMT","Straßennamen_gesamt","Feature Service","[Metadaten] Die Objektklasse enthält alle zum Zeitpunkt der Warehouseerstellung aktuellen Straßennamen sowie deren Historie. Der Datenbestand berücksichtigt für die Stadt Chemnitz folgende Festlegungen zur Vergabe von Straßennamen bzw. Straßenschlüsseln und zur Verwaltung der Straßennamenshistorie: Jeder Straßenschlüssel ist innerhalb des gesamten Datenbestandes eindeutig, d.h. es existiert zu einem Straßenschlüssel entweder ein aktuelles oder historisches Objekt. Die Relation der Angabe unter ""VonDatum"" zum aktuellen Tagesdatum legt fest, ob ein Straßenname aktuell oder historisch ist. Wird eine Straße unter einem gleich lautenden Namen erneut vergeben, so trägt sie einen neuen Schlüssel. Der Straßenschlüssel darf, sofern er für einen Straßennamen einmal vergeben wurde, nicht geändert werden. Der Straßenschlüssel stellt somit einen eindeutigen Schlüssel in den Datenbestand dar. Er kann aus dem Adress-Warehouse direkt zur Ermittlung des Straßennamens genutzt werden, ohne dass auf den aktuellen oder historischen Zustand des Straßennamens geachtet werden muss.","Chemnitz,Straßennamen,aktuelle Straßennamen,historische Straßennamen,Straßenschlüssel,verkehr","Alphanumerisches Verzeichnis der aktuellen und historischen Straßennamen der Stadt.","","","Datenlizenz Deutschland – Namensnennung – Version 2.0 (dl-de/by-2-0) (https://www.govdata.de/dl-de/by-2-0)",,"https://services6.arcgis.com/jiszdsDupTUO3fSM/arcgis/rest/services/Stra%C3%9Fennamen_gesamt_FL_1/FeatureServer","public","custom","Stadt Chemnitz","12.709822,50.710742,13.065435,50.935434",""
"7e81e226f8204f3c9af8fd3f563cf7e2","GISAdminChemnitz","Thu, 02 Dec 2021 06:31:16 GMT","Wed, 02 Apr 2025 11:27:52 GMT","Straßennamen_aktuell","Feature Service","[Metadaten] Übersicht der gültigen Straßennamen von Chemnitz.","Chemnitz,Straßennamen,aktuelle Straßennamen,Straßenschlüssel,verkehr","Alphanumerisches Verzeichnis der aktuellen Straßennamen der Stadt.","","","Datenlizenz Deutschland – Namensnennung – Version 2.0 (dl-de/by-2-0) (https://www.govdata.de/dl-de/by-2-0)",,"https://services6.arcgis.com/jiszdsDupTUO3fSM/arcgis/rest/services/Stra%C3%9Fennamen_aktuell_FL_1/FeatureServer","public","custom","Stadt Chemnitz","12.709822,50.710742,13.065435,50.935434",""
"5d92a7e4331f4abba484a05b365c10a3","GISAdminChemnitz","Mon, 03 Mar 2025 09:52:24 GMT","Mon, 03 Mar 2025 09:54:56 GMT","Bodenrichtwerte_2025","Feature Service","[Metadaten] Für die Bewertung von Grundstücken auf der Basis von Kauffalldaten abgeleitete Werte.","Chemnitz,Bodenrichtwerte,Richtwerte,besondere Bodenrichtwerte,unbebaute Grundstücke,allgemein","Bodenrichtwerte von 2025 der Stadt Chemnitz","","","Datenlizenz Deutschland – Namensnennung – Version 2.0 (dl-de/by-2-0) (https://www.govdata.de/dl-de/by-2-0)","de","https://services6.arcgis.com/jiszdsDupTUO3fSM/arcgis/rest/services/Bodenrichtwerte_2025/FeatureServer","public","custom","Stadt Chemnitz","12.709822,50.710742,13.065435,50.935434",""
"09cfae6014c5411995163add7aecc4a6","GISAdminChemnitz","Wed, 26 Feb 2025 09:56:59 GMT","Wed, 26 Feb 2025 09:57:51 GMT","Marktrichtwerte_2025","Feature Service","[Metadaten] Für die Bewertung von bebauten Grundstücken. Auf Basis von Kauffalldaten abgeleitete Werte und Umrechnungen.","Chemnitz,Marktrichtwerte,Richtwerte,bebaute Grundstücke,Eigentumswohnungen,allgemein","Marktrichtwerte von 2025 der Stadt Chemnitz","","","Datenlizenz Deutschland – Namensnennung – Version 2.0 (dl-de/by-2-0) (https://www.govdata.de/dl-de/by-2-0)","de","https://services6.arcgis.com/jiszdsDupTUO3fSM/arcgis/rest/services/Marktrichtwerte_2025/FeatureServer","public","custom","Stadt Chemnitz","12.709822,50.710742,13.065435,50.935434",""
"f774c726bac24941b9cd3eeb615db718","GISAdminChemnitz","Fri, 24 Mar 2023 08:01:28 GMT","Mon, 24 Feb 2025 10:14:38 GMT","Amtsblattauslagestellen","Feature Service","[Metadaten] Räumliche Darstellung der Amtsblattauslagestellen","Chemnitz,Amtsblatt,Auslagestellen,Verteilstellen,Verwaltung,verwaltung","Auslagestellen des Amtsblatts der Stadt Chemnitz","","Bürgerservice, Amtsblatt, verwaltung","Datenlizenz Deutschland – Namensnennung – Version 2.0 (dl-de/by-2-0) (https://www.govdata.de/dl-de/by-2-0)",,"https://services6.arcgis.com/jiszdsDupTUO3fSM/arcgis/rest/services/Amtsblattauslagestellen_Sicht/FeatureServer","public","custom","Stadt Chemnitz","12.709822,50.710742,13.065435,50.935434",""
"296d8dcef1c744fcb007af436de382d9","GISAdminChemnitz","Mon, 13 Jan 2025 10:14:32 GMT","Mon, 13 Jan 2025 11:50:18 GMT","Parkplätze_Reisebus","Feature Service","[Metadaten] Standorte der Reisebusparkplätze","Chemnitz,Reisebus,Parkplatz,Reisebusstellplatz,verkehr","Darstellung der Standorte der Reisebusparkplätze","","","Datenlizenz Deutschland – Namensnennung – Version 2.0 (dl-de/by-2-0) (https://www.govdata.de/dl-de/by-2-0)",,"https://services6.arcgis.com/jiszdsDupTUO3fSM/arcgis/rest/services/Parkpl%C3%A4tze_Bus_Sicht/FeatureServer","public","custom","Stadt Chemnitz","12.812394203487802,50.804244774459704,12.934370931652055,50.86754704099188",""
"efbffb13fed349e68413358daf5f742b","GISAdminChemnitz","Mon, 13 Jan 2025 10:16:46 GMT","Mon, 13 Jan 2025 10:58:17 GMT","Parkplätze_Wohnmobil","Feature Service","[Metadaten] Standorte der Wohnmobilparkplätze","Chemnitz,Wohnmobil,Parkplatz,Wohnmobilstellplatz,verkehr","Darstellung der Standorte der Wohnmobilparkplätze","","","Datenlizenz Deutschland – Namensnennung – Version 2.0 (dl-de/by-2-0) (https://www.govdata.de/dl-de/by-2-0)",,"https://services6.arcgis.com/jiszdsDupTUO3fSM/arcgis/rest/services/Parkpl%C3%A4tze_Wohnmobil/FeatureServer","public","custom","Stadt Chemnitz","12.709822,50.710742,13.065435,50.935434",""
"72b4236877834e6bb35a691a6e67ee06","GISAdminChemnitz","Mon, 18 Mar 2024 11:46:43 GMT","Wed, 18 Dec 2024 13:18:04 GMT","Marktrichtwerte_2024","Feature Service","[Metadaten] Für die Bewertung von bebauten Grundstücken. Auf Basis von Kauffalldaten abgeleitete Werte und Umrechnungen.","Chemnitz,Marktrichtwerte,Richtwerte,bebaute Grundstücke,Eigentumswohnungen,allgemein","Marktrichtwerte von 2024 der Stadt Chemnitz","","","Datenlizenz Deutschland – Namensnennung – Version 2.0 (dl-de/by-2-0) (https://www.govdata.de/dl-de/by-2-0)","de","https://services6.arcgis.com/jiszdsDupTUO3fSM/arcgis/rest/services/Marktrichtwerte_2024/FeatureServer","public","custom","Stadt Chemnitz","12.776759897779842,50.75352824157566,13.030377182097618,50.88825954050782",""
"a8f4a95018484e028654c7eae06664ac","GISAdminChemnitz","Tue, 30 Nov 2021 13:54:29 GMT","Wed, 11 Dec 2024 12:51:10 GMT","UmlegungsGebiete","Feature Service","[Metadaten] Darstellung der Flächen des Stadtgebietes, für die eine Grundstücksneuordnung in Form eines Umlegungsverfahrens nach § 45 ff. BauGB aktuell durchgeführt wird bzw. historisch durchgeführt wurde. Für die als aktuell dargestellten Flächen gilt die Verfügungs- und Veränderungssperre nach § 51 BauGB.","Chemnitz,Grundstücksneuordnung,Baulandumlegung,vereinfachte Umlegung,Bodenordnung,entwicklung","Umlegungsgebiete der Stadt Chemnitz","","","Datenlizenz Deutschland – Namensnennung – Version 2.0 (dl-de/by-2-0) (https://www.govdata.de/dl-de/by-2-0)",,"https://services6.arcgis.com/jiszdsDupTUO3fSM/arcgis/rest/services/UmlegungsGebiete_FL_1/FeatureServer","public","custom","Stadt Chemnitz","12.709822,50.710742,13.065435,50.935434",""
"533a886e39ce4ecfb5526da76b2804ae","GISAdminChemnitz","Wed, 01 Dec 2021 12:56:46 GMT","Fri, 11 Oct 2024 11:27:04 GMT","Parkscheinautomaten","Feature Service","[Metadaten] Parkscheinautomaten im Stadtgebiet Chemnitz","Chemnitz,Parkscheinautomaten,parken,verkehr","Parkscheinautomaten im Stadtgebiet Chemnitz. Der Datensatz umfasst dabei die bestehenden und die geplanten Automaten.","","","Datenlizenz Deutschland – Namensnennung – Version 2.0 (dl-de/by-2-0) (https://www.govdata.de/dl-de/by-2-0)",,"https://services6.arcgis.com/jiszdsDupTUO3fSM/arcgis/rest/services/Parkscheinautomaten_FL_1/FeatureServer","public","custom","Stadt Chemnitz","12.709822,50.710742,13.065435,50.935434",""
"ce7041d55b9045d5a08b1a16ab9d84d0","GISAdminChemnitz","Tue, 30 Nov 2021 13:31:33 GMT","Mon, 30 Sep 2024 12:16:21 GMT","Mobile_Jugendarbeit","Feature Service","[Metadaten] Mobile Jugendarbeit","Streetwork,Kinder,Jugend,Chemnitz,Soziales,Familie,bildungfamilie","Mobile Jugendarbeit","","","Datenlizenz Deutschland – Namensnennung – Version 2.0 (dl-de/by-2-0) (https://www.govdata.de/dl-de/by-2-0)",,"https://services6.arcgis.com/jiszdsDupTUO3fSM/arcgis/rest/services/Mobile_Jugendarbeit_FL_1/FeatureServer","public","custom","Stadt Chemnitz","12.709822,50.710742,13.065435,50.935434",""
"5fd18c950d3b489d980276cf8e1f8a85","GISAdminChemnitz","Wed, 01 Dec 2021 06:49:58 GMT","Mon, 30 Sep 2024 12:08:43 GMT","Flaechennutzungsplan","Feature Service","[Metadaten] Wirksamer Flächennutzungsplan seit 24.10.2001 mit eingearbeiteten rechtswirksam gewordenen Änderungen und Ergänzungen; Grundlage für alle weiteren Regional- und Bauleitplanungen","Chemnitz,entwicklung","Flächen des Flächennutzungsplanes; flächendeckend für das Stadtgebiet Chemnitz in den Grenzen vom 01.01.1999","","","Datenlizenz Deutschland – Namensnennung – Version 2.0 (dl-de/by-2-0) (https://www.govdata.de/dl-de/by-2-0)",,"https://services6.arcgis.com/jiszdsDupTUO3fSM/arcgis/rest/services/F_PlanNutzungsFlaechen_FL_1/FeatureServer","public","custom","Stadt Chemnitz","12.709822,50.710742,13.065435,50.935434",""
"1fa0a1748bfd4ddb86cfe144c1de6b9e","GISAdminChemnitz","Tue, 30 Nov 2021 13:13:40 GMT","Fri, 10 May 2024 05:56:39 GMT","Erzieherische_Hilfen","Feature Service","[Metadaten] Erzieherische Hilfen in der Stadt Chemnitz","Kinder,Jugend,Erziehung,Hilfe,Chemnitz,Familie,bildungfamilie","Erzieherische Hilfen","","","Datenlizenz Deutschland – Namensnennung – Version 2.0 (dl-de/by-2-0) (https://www.govdata.de/dl-de/by-2-0)",,"https://services6.arcgis.com/jiszdsDupTUO3fSM/arcgis/rest/services/Erzieherische_Hilfen_FL_1/FeatureServer","public","custom","Stadt Chemnitz","12.709822,50.710742,13.065435,50.935434",""
"027b53924c02433e8901534d944712e8","GISAdminChemnitz","Mon, 18 Mar 2024 11:41:25 GMT","Mon, 18 Mar 2024 11:44:27 GMT","Bodenrichtwerte_2024","Feature Service","[Metadaten] Für die Bewertung von Grundstücken auf der Basis von Kauffalldaten abgeleitete Werte.","Chemnitz,Bodenrichtwerte,Richtwerte,besondere Bodenrichtwerte,unbebaute Grundstücke,allgemein","Bodenrichtwerte von 2024 der Stadt Chemnitz","","","Datenlizenz Deutschland – Namensnennung – Version 2.0 (dl-de/by-2-0) (https://www.govdata.de/dl-de/by-2-0)","de","https://services6.arcgis.com/jiszdsDupTUO3fSM/arcgis/rest/services/Bodenrichtwerte_2024/FeatureServer","public","custom","Stadt Chemnitz","12.709822,50.710742,13.065435,50.935434",""
"959713c02dd14793baba3467d7dcd6b2","GISAdminChemnitz","Wed, 16 Aug 2023 11:31:14 GMT","Wed, 16 Aug 2023 11:32:51 GMT","Ueberschwemmungsgefaehrdete_Gebiete","Feature Service","[Metadaten] Darstellung der gemäß § 75 Abs. 1 Nr. 1 SächsWG in der Fassung der Bekanntmachung vom 12. Juli 2013 (GVBl S. 503) festgesetzten überschwemmungsgefährdeten Gebiete an Gewässern I. und II. Ordnung in der Stadt Chemnitz. 

Das überschwemmungsgefährdete Gebiet des Pleißenbaches wurden in der Zeit vom 24.09.2018 bis 05.10.2018 öffentlich ausgelegt. In überschwemmungsgefährdeten Gebieten gelten Restriktionen nach §78b WHG.

Die Karten des überschwemmungsgefährdeten Gebietes am Kappelbach, Wiesenbach, Kaßbergbach und Unritzbach ab Pelzmühlenteich wurden in der Zeit vom 07.02.2022 bis 18.02.2022 öffentlich ausgelegt. In überschwemmungsgefährdeten Gebieten gelten Restriktionen nach §78b WHG. 

Die Karten des überschwemmungsgefährdeten Gebietes an der Chemnitz wurden im Zeitraum vom 23.05. - 05.06.2022 öffentlich ausgelegt. Rechtswirksamkeit erlangten die Gebiete durch die öffentliche Bekanntmachung am 23.05.2022.

Die Karten des überschwemmungsgefährdeten Gebietes an der Zwönitz wurden im Zeitraum vom 27.06. - 10.07.2022 öffentlich ausgelegt. Rechtswirksamkeit erlangten die Gebiete durch die öffentliche Bekanntmachung am 27.06.2022.

Nachrichtliche Übernahme in die vorbereitende (FNP) und verbindliche (B-Pläne) Bauleitplanung. Berücksichtigung bei Bauvorhaben, bei der Erstellung von Verkehrswertgutachten, Genehmigungsverfahren nach BImSchG, Lagerung wassergefährdender Stoffe, Verbot der Errichtung von Heizölanlagen u.a.","Chemnitz,Überschwemmungsgebiete,HQ 200,HQ 300,Hochwasser,Risikogebiete,Kappelbach,Pleißenbach,Wiesenbach,Kaßbergbach,Unritzbach,Pelzmühlenteich,umwelt","Darstellung der nach dem Sächsischen Wassergesetz festgesetzten überschwemmungsgefährdeten Gebiete an Gewässern I. und II. Ordnung","","","Datenlizenz Deutschland – Namensnennung – Version 2.0 (dl-de/by-2-0) (https://www.govdata.de/dl-de/by-2-0)",,"https://services6.arcgis.com/jiszdsDupTUO3fSM/arcgis/rest/services/Ueberschwemmungsgefaehrdete_Gebiete/FeatureServer","public","custom","Stadt Chemnitz","12.709822,50.710742,13.065435,50.935434",""
"d3066a93703640c68bf06d75ed9565cd","GISAdminChemnitz","Mon, 06 Mar 2023 11:16:45 GMT","Mon, 06 Mar 2023 11:17:44 GMT","Bodenrichtwerte_2023","Feature Service","[Metadaten] Für die Bewertung von Grundstücken auf der Basis von Kauffalldaten abgeleitete Werte.","Chemnitz,Bodenrichtwerte,Richtwerte,besondere Bodenrichtwerte,unbebaute Grundstücke,allgemein","Bodenrichtwerte von 2023 der Stadt Chemnitz","","","Datenlizenz Deutschland – Namensnennung – Version 2.0 (dl-de/by-2-0) (https://www.govdata.de/dl-de/by-2-0)","de","https://services6.arcgis.com/jiszdsDupTUO3fSM/arcgis/rest/services/Bodenrichtwerte_2023/FeatureServer","public","custom","Stadt Chemnitz","12.709822,50.710742,13.065435,50.935434",""
"2ee6e6ebea504fd0b249c3ac4fe8a09c","GISAdminChemnitz","Tue, 28 Feb 2023 13:42:59 GMT","Tue, 28 Feb 2023 13:43:29 GMT","Marktrichtwerte_2023","Feature Service","[Metadaten] Für die Bewertung von bebauten Grundstücken. Auf Basis von Kauffalldaten abgeleitete Werte und Umrechnungen.","Chemnitz,Marktrichtwerte,Richtwerte,bebaute Grundstücke,Eigentumswohnungen,allgemein","Marktrichtwerte von 2023 der Stadt Chemnitz","","","Datenlizenz Deutschland – Namensnennung – Version 2.0 (dl-de/by-2-0) (https://www.govdata.de/dl-de/by-2-0)","de","https://services6.arcgis.com/jiszdsDupTUO3fSM/arcgis/rest/services/Marktrichtwerte_2023/FeatureServer","public","custom","Stadt Chemnitz","12.709822,50.710742,13.065435,50.935434",""
"8716afd1b54c4185827df81e6959ca32","GISAdminChemnitz","Wed, 01 Dec 2021 10:45:12 GMT","Mon, 05 Sep 2022 09:09:37 GMT","Grundschulbezirke","Feature Service","[Metadaten] Grundschulbezirke","Chemnitz,Schulbezirke,Schulbezirksübersicht,Grundschulbezirke,bildungfamilie","Grundschulbezirke","","","Datenlizenz Deutschland – Namensnennung – Version 2.0 (dl-de/by-2-0) (https://www.govdata.de/dl-de/by-2-0)",,"https://services6.arcgis.com/jiszdsDupTUO3fSM/arcgis/rest/services/Grundschulbezirke_FL_1/FeatureServer","public","custom","Stadt Chemnitz","12.709822,50.710742,13.065435,50.935434",""
"eed136ef51fb42779b50cf5b901cde0d","GISAdminChemnitz","Wed, 01 Dec 2021 13:53:28 GMT","Mon, 27 Jun 2022 06:46:01 GMT","Ueberschwemmungsgebiete","Feature Service","[Metadaten] Darstellung der gemäß § 72 Abs. 1 und 2 SächsWG in der Fassung der Bekanntmachung vom 12. Juli 2013 (GVBl S. 503) festgesetzten Überschwemmungsgebiete an Gewässern I. und II. Ordnung in der Stadt Chemnitz. Die Überschwemmungsgebiete wurden in der Zeit vom 04.12.2006 bis 17.12.2006 bzw. 22.08.2011 bis 04.09.2011öffentlich ausgelegt und gelten seit dem 18.12.2006 bzw. 05.09.2011 Kraft Gesetzes. In Überschwemmungsgebieten gelten die Verbote nach § 76 WHG. Nachrichtliche Übernahme in die vorbereitende (FNP) und verbindliche (B-Pläne) Bauleitplanung. Berücksichtigung bei Bauvorhaben, bei der Erstellung von Verkehrswertgutachten, Genehmigungsverfahren nach BImSchG, Lagerung wassergefährdender Stoffe u.a.","Chemnitz,Überschwemmungsgebiete,Hochwasser,Risikogebiete,umwelt","Darstellung der nach dem Sächsischen Wassergesetz festgesetzten Überschwemmungsgebiete an Gewässern I. und II. Ordnung","","","Datenlizenz Deutschland – Namensnennung – Version 2.0 (dl-de/by-2-0) (https://www.govdata.de/dl-de/by-2-0)",,"https://services6.arcgis.com/jiszdsDupTUO3fSM/arcgis/rest/services/Ueberschwemmungsgebiete_FL_1/FeatureServer","public","custom","Stadt Chemnitz","12.709822,50.710742,13.065435,50.935434",""
"f06c865df02a447bbd27b1700e8702ac","GISAdminChemnitz","Thu, 24 Feb 2022 14:03:18 GMT","Thu, 24 Feb 2022 14:04:44 GMT","Marktrichtwerte_2022","Feature Service","[Metadaten] Für die Bewertung von bebauten Grundstücken. Auf Basis von Kauffalldaten abgeleitete Werte und Umrechnungen.","Chemnitz,Marktrichtwerte,Richtwerte,bebaute Grundstücke,Eigentumswohnungen,allgemein","Marktrichtwerte von 2022 der Stadt Chemnitz","","","Datenlizenz Deutschland – Namensnennung – Version 2.0 (dl-de/by-2-0) (https://www.govdata.de/dl-de/by-2-0)","de","https://services6.arcgis.com/jiszdsDupTUO3fSM/arcgis/rest/services/Marktrichtwerte_2022/FeatureServer","public","custom","Stadt Chemnitz","12.709822,50.710742,13.065435,50.935434",""
"8751f27c15db415dbe1b5531dd2dd486","GISAdminChemnitz","Thu, 24 Feb 2022 14:03:08 GMT","Thu, 24 Feb 2022 14:04:35 GMT","Bodenrichtwerte_2022","Feature Service","[Metadaten] Für die Bewertung von Grundstücken auf der Basis von Kauffalldaten abgeleitete Werte.","Chemnitz,Bodenrichtwerte,Richtwerte,besondere Bodenrichtwerte,unbebaute Grundstücke,allgemein","Bodenrichtwerte von 2022 der Stadt Chemnitz","","","Datenlizenz Deutschland – Namensnennung – Version 2.0 (dl-de/by-2-0) (https://www.govdata.de/dl-de/by-2-0)","de","https://services6.arcgis.com/jiszdsDupTUO3fSM/arcgis/rest/services/Bodenrichtwerte_2022/FeatureServer","public","custom","Stadt Chemnitz","12.709822,50.710742,13.065435,50.935434",""
"6e1cb06c84184bf792f5f4d637ce248a","GISAdminChemnitz","Thu, 02 Dec 2021 07:38:27 GMT","Thu, 02 Dec 2021 07:42:08 GMT","Trinkwasserschutzgebiete","Feature Service","[Metadaten] Siehe Kurzbeschreibung Berücksichtigung bei vorbereitender (FNP) und verbindlicher (B-Pläne) Bauleitplanung, im Baugenehmigungsverfahren, bei der Erstellung von Verkehrswertgutachten, Genehmigungsverfahren nach BImSchG, Lagerung wassergefährdender Stoffe u.a.","Chemnitz,Trinkwasser,Wasserschutzgebiete,umwelt","Darstellung der äußeren Begrenzungen sowie der Begrenzungen der einzelnen Schutzzonen von Trinkwasserschutzgebieten im Sinne des Wasserrechts (§ 51 WHG bzw. § 46 SächsWG), die das Stadtgebiet berühren.","","","Datenlizenz Deutschland – Namensnennung – Version 2.0 (dl-de/by-2-0) (https://www.govdata.de/dl-de/by-2-0)",,"https://services6.arcgis.com/jiszdsDupTUO3fSM/arcgis/rest/services/Trinkwasserschutzgebiete_FL_1/FeatureServer","public","custom","Stadt Chemnitz","",""
"d61b43c3774445ceaf1280ee137e58ab","GISAdminChemnitz","Thu, 02 Dec 2021 07:05:13 GMT","Thu, 02 Dec 2021 07:11:31 GMT","Schutzgebiete_Flaechen","Feature Service","[Metadaten] Umgrenzung bzw. Lagekennzeichnung von Schutzgebieten (Flächen) bzw. Schutzobjekten (Punkte) im Sinne des Naturschutzrechts","Chemnitz,Naturschutz,Schutzgebiete,Flächenschutz,umwelt","Gebiete und Einzelobjekte als Schutzgebiete (FFH, FND, GLB, LSG, NSG) bzw. Schutzobjekte (ND) im Sinne des Naturschutzrechts (entsprechend SächsNatSchG, BNatSchG sowie Europarecht)","","","Datenlizenz Deutschland – Namensnennung – Version 2.0 (dl-de/by-2-0) (https://www.govdata.de/dl-de/by-2-0)",,"https://services6.arcgis.com/jiszdsDupTUO3fSM/arcgis/rest/services/Schutzgebiete_Flaechen_FL_1/FeatureServer","public","custom","Stadt Chemnitz","12.709822,50.710742,13.065435,50.935434",""
"f6b53a3b479b4737aff273d7de0675cc","GISAdminChemnitz","Thu, 02 Dec 2021 07:05:17 GMT","Thu, 02 Dec 2021 07:11:08 GMT","Schutzgebiete_Punkte","Feature Service","[Metadaten] Umgrenzung bzw. Lagekennzeichnung von Schutzgebieten (Flächen) bzw. Schutzobjekten (Punkte) im Sinne des Naturschutzrechts","Chemnitz,Naturschutz,Schutzgebiete,Flächenschutz,umwelt","Gebiete und Einzelobjekte als Schutzgebiete (FFH, FND, GLB, LSG, NSG) bzw. Schutzobjekte (ND) im Sinne des Naturschutzrechts (entsprechend SächsNatSchG, BNatSchG sowie Europarecht)","","","Datenlizenz Deutschland – Namensnennung – Version 2.0 (dl-de/by-2-0) (https://www.govdata.de/dl-de/by-2-0)",,"https://services6.arcgis.com/jiszdsDupTUO3fSM/arcgis/rest/services/Schutzgebiete_Punkte_FL_1/FeatureServer","public","custom","Stadt Chemnitz","12.709822,50.710742,13.065435,50.935434",""
"0ed3b83c835b4c6494667c15ee93c695","GISAdminChemnitz","Wed, 01 Dec 2021 13:42:15 GMT","Wed, 01 Dec 2021 13:43:26 GMT","Tierparks","Feature Service","[Metadaten] Darstellung der städtischen Einrichtungen Tierpark Chemnitz und Wildgatter Oberrabenstein","Chemnitz,Tierpark,Wildgatter,Freizeit,freizeit","Darstellung der städtischen Einrichtungen Tierpark Chemnitz und Wildgatter Oberrabenstein","","","Datenlizenz Deutschland – Namensnennung – Version 2.0 (dl-de/by-2-0) (https://www.govdata.de/dl-de/by-2-0)",,"https://services6.arcgis.com/jiszdsDupTUO3fSM/arcgis/rest/services/Tierparks_FL_1/FeatureServer","public","custom","Stadt Chemnitz","12.709822,50.710742,13.065435,50.935434",""
"efd8c6dd60c54ffb8c05e7b1a867b54f","GISAdminChemnitz","Wed, 01 Dec 2021 12:56:51 GMT","Wed, 01 Dec 2021 12:59:02 GMT","Sporteinrichtungen","Feature Service","[Metadaten] Aufzählung bedeutender Sport-Einrichtungen der Stadt Chemnitz","Chemnitz,Sport,Sporteinrichtungen,Schwimmhalle,Freibad,Hallenbad,Stadion,Sportforum,Sporthalle,Sportplatz,freizeit","Sporteinrichtungen in Chemnitz","","","Datenlizenz Deutschland – Namensnennung – Version 2.0 (dl-de/by-2-0) (https://www.govdata.de/dl-de/by-2-0)",,"https://services6.arcgis.com/jiszdsDupTUO3fSM/arcgis/rest/services/Sporteinrichtungen_FL_1/FeatureServer","public","custom","Stadt Chemnitz","12.709822,50.710742,13.065435,50.935434",""
"958c5c4ff1f7449dae83663e04ca0331","GISAdminChemnitz","Wed, 01 Dec 2021 10:18:39 GMT","Wed, 01 Dec 2021 10:27:41 GMT","Schulwege","Feature Service","[Metadaten] Empfohlene Schulwege innerhalb der Stadt Chemnitz","Chemnitz,Schulwege,Sicherheit,Grundschulen,Einschulung,verkehr","Darstellung der von der AG Schulwegsicherung empfohlenen Schulwege im Stadtgebiet von Chemnitz","","","Datenlizenz Deutschland – Namensnennung – Version 2.0 (dl-de/by-2-0) (https://www.govdata.de/dl-de/by-2-0)",,"https://services6.arcgis.com/jiszdsDupTUO3fSM/arcgis/rest/services/Schulwege_FL_1/FeatureServer","public","custom","Stadt Chemnitz","12.709822,50.710742,13.065435,50.935434",""
"3d499f75f28441a997ffbcbc4a6c620d","GISAdminChemnitz","Wed, 01 Dec 2021 10:18:36 GMT","Wed, 01 Dec 2021 10:27:35 GMT","Querungshilfen","Feature Service","[Metadaten] Querungshilfen im Rahmen der Schulwegplanung","Chemnitz,Schulwege,Sicherheit,Querungshilfen,Einschulung,verkehr","Darstellung von Querungshilfen welche im Rahmen der Schulwegplanung von der AG Schulwegsicherung ausgewiesen wurden","","","Datenlizenz Deutschland – Namensnennung – Version 2.0 (dl-de/by-2-0) (https://www.govdata.de/dl-de/by-2-0)",,"https://services6.arcgis.com/jiszdsDupTUO3fSM/arcgis/rest/services/Querungshilfen_FL_1/FeatureServer","public","custom","Stadt Chemnitz","12.709822,50.710742,13.065435,50.935434",""
"aecb5f01745e4e0d979bd3b724b2e89d","GISAdminChemnitz","Wed, 01 Dec 2021 10:18:32 GMT","Wed, 01 Dec 2021 10:27:28 GMT","Gefahrenstellen","Feature Service","[Metadaten] Gefahrenstellen innerhalb der Stadt Chemnitz, welche im Rahmen der Schulwegsicherung ausgewiesen werden","Chemnitz,Schulwege,Sicherheit,Gefahrenstellen,Einschulung,verkehr","Darstellung der von der AG Schulwegsicherung ausgewiesenen Gefahrenstellen im Stadtgebiet von Chemnitz","","","Datenlizenz Deutschland – Namensnennung – Version 2.0 (dl-de/by-2-0) (https://www.govdata.de/dl-de/by-2-0)",,"https://services6.arcgis.com/jiszdsDupTUO3fSM/arcgis/rest/services/Gefahrenstellen_FL_1/FeatureServer","public","custom","Stadt Chemnitz","12.709822,50.710742,13.065435,50.935434",""
"0b9fc5dead0647ada3ea099c0c3bce7f","GISAdminChemnitz","Tue, 30 Nov 2021 13:20:16 GMT","Tue, 30 Nov 2021 13:22:09 GMT","Schulsozialarbeit","Feature Service","[Metadaten] Schulsozialarbeit","Kinder,Jugend,Schule,Sozialarbeit,Chemnitz,Familie,bildungfamilie","Schulsozialarbeit","","","Datenlizenz Deutschland – Namensnennung – Version 2.0 (dl-de/by-2-0) (https://www.govdata.de/dl-de/by-2-0)",,"https://services6.arcgis.com/jiszdsDupTUO3fSM/arcgis/rest/services/Schulsozialarbeit_FL_1/FeatureServer","public","custom","Stadt Chemnitz","",""
"4da8c7af71bf412b803a6b3558344650","GISAdminChemnitz","Tue, 30 Nov 2021 12:51:36 GMT","Tue, 30 Nov 2021 12:54:11 GMT","Buergerservicestellen","Feature Service","[Metadaten] Darstellung der geographischen Lage der entsprechenden Bürgerservicestellen der Stadtverwaltung Chemnitz - Angabe der Adressdaten über das Sachdatenfeld.","Chemnitz,Bürgerservice,Ämter,Behörden,verwaltung","Durch Adress-Punkte dargestellte Standorte von Bürgerservicestellen der Stadtverwaltung Chemnitz","","","Datenlizenz Deutschland – Namensnennung – Version 2.0 (dl-de/by-2-0) (https://www.govdata.de/dl-de/by-2-0)",,"https://services6.arcgis.com/jiszdsDupTUO3fSM/arcgis/rest/services/Buergerservicestellen_FL_1/FeatureServer","public","custom","Stadt Chemnitz","12.709822,50.710742,13.065435,50.935434",""
"97e3e69fdf8541b59fb348b6061b8d2a","GISAdminChemnitz","Tue, 30 Nov 2021 12:51:23 GMT","Tue, 30 Nov 2021 12:54:10 GMT","Aemter","Feature Service","[Metadaten] Darstellung der geographischen Lage der entsprechenden Ämter und Einrichtungen der Stadtverwaltung Chemnitz. Angabe der Adressdaten über das Sachdatenfeld.","Chemnitz,Ämter,Behörden,Bürgerservice,Amt,verwaltung","Durch Adress-Punkte symbolisch dargestellte Ämter bzw. selbständige Einrichtungen der Stadtverwaltung Chemnitz. Der dargestellte Adresspunkt ist dabei stets der Sitz der Amts- bzw. Einrichtungsleitung. Etwaige Außenstellen werden nicht berücksichtigt. Die Objektklasse enthält alle Ämter und Einrichtungen gemäß dem jeweils aktuellen Organigramm der Stadtverwaltung, Eigenbetriebe sind nicht berücksichtigt.","","","Datenlizenz Deutschland – Namensnennung – Version 2.0 (dl-de/by-2-0) (https://www.govdata.de/dl-de/by-2-0)",,"https://services6.arcgis.com/jiszdsDupTUO3fSM/arcgis/rest/services/Aemter_FL_1/FeatureServer","public","custom","Stadt Chemnitz","12.709822,50.710742,13.065435,50.935434",""
"2c9bb1b36d224c1a90398c1b0b772cf6","GISAdminChemnitz","Wed, 17 Feb 2021 10:03:22 GMT","Tue, 23 Feb 2021 09:37:52 GMT","Bodenrichtwerte_2021","Feature Service","[Metadaten] Für die Bewertung von Grundstücken auf der Basis von Kauffalldaten abgeleitete Werte.","Chemnitz,Bodenrichtwerte,Richtwerte,besondere Bodenrichtwerte,unbebaute Grundstücke,allgemein","Bodenrichtwerte von 2021 der Stadt Chemnitz","","","Datenlizenz Deutschland – Namensnennung – Version 2.0 (dl-de/by-2-0) (https://www.govdata.de/dl-de/by-2-0)","de","https://services6.arcgis.com/jiszdsDupTUO3fSM/arcgis/rest/services/Bodenrichtwerte_2021/FeatureServer","public","custom","Stadt Chemnitz","12.709822,50.710742,13.065435,50.935434",""
"15b92b6322e347af8ddae7c8f9ec77d5","GISAdminChemnitz","Wed, 17 Feb 2021 10:06:59 GMT","Wed, 17 Feb 2021 10:07:41 GMT","Marktrichtwerte_2021","Feature Service","[Metadaten] Für die Bewertung von bebauten Grundstücken. Auf Basis von Kauffalldaten abgeleitete Werte und Umrechnungen.","Chemnitz,Marktrichtwerte,Richtwerte,bebaute Grundstücke,Eigentumswohnungen,allgemein","Marktrichtwerte von 2021 der Stadt Chemnitz","","","Datenlizenz Deutschland – Namensnennung – Version 2.0 (dl-de/by-2-0) (https://www.govdata.de/dl-de/by-2-0)","de","https://services6.arcgis.com/jiszdsDupTUO3fSM/arcgis/rest/services/Marktrichtwerte_2021/FeatureServer","public","custom","Stadt Chemnitz","12.709822,50.710742,13.065435,50.935434",""
"9635bae152b544108f9fcc8aeff91e28","GISAdminChemnitz","Mon, 17 Feb 2020 07:37:50 GMT","Mon, 17 Feb 2020 11:39:31 GMT","Marktrichtwerte_2020","Feature Service","[Metadaten] Für die Bewertung von bebauten Grundstücken. Auf Basis von Kauffalldaten abgeleitete Werte und Umrechnungen.","Chemnitz,Marktrichtwerte,Richtwerte,bebaute Grundstücke,Eigentumswohnungen,allgemein","Marktrichtwerte von 2020 der Stadt Chemnitz","","","Datenlizenz Deutschland – Namensnennung – Version 2.0 (dl-de/by-2-0) (https://www.govdata.de/dl-de/by-2-0)","de","https://services6.arcgis.com/jiszdsDupTUO3fSM/arcgis/rest/services/Marktrichtwerte_2020/FeatureServer","public","custom","Stadt Chemnitz","12.709822,50.710742,13.065435,50.935434",""
"67cc4c6db592489984731523fb4e6c78","GISAdminChemnitz","Mon, 17 Feb 2020 07:38:03 GMT","Mon, 17 Feb 2020 11:39:21 GMT","Bodenrichtwerte_2020","Feature Service","[Metadaten] Für die Bewertung von Grundstücken auf der Basis von Kauffalldaten abgeleitete Werte.","Chemnitz,Bodenrichtwerte,Richtwerte,besondere Bodenrichtwerte,unbebaute Grundstücke,allgemein","Bodenrichtwerte von 2020 der Stadt Chemnitz","","","Datenlizenz Deutschland – Namensnennung – Version 2.0 (dl-de/by-2-0) (https://www.govdata.de/dl-de/by-2-0)","de","https://services6.arcgis.com/jiszdsDupTUO3fSM/arcgis/rest/services/Bodenrichtwerte_2020/FeatureServer","public","custom","Stadt Chemnitz","12.709822,50.710742,13.065435,50.935434",""
"d76e947949584425aca6405dd3b76485","GISAdminChemnitz","Fri, 23 Aug 2019 09:00:52 GMT","Fri, 23 Aug 2019 09:02:18 GMT","Bodenrichtwerte_2018","Feature Service","[Metadaten] Für die Bewertung von Grundstücken auf der Basis von Kauffalldaten abgeleitete Werte.","Chemnitz,Bodenrichtwerte,Richtwerte,besondere Bodenrichtwerte,unbebaute Grundstücke,allgemein","Bodenrichtwerte von 2018 der Stadt Chemnitz","","","Datenlizenz Deutschland – Namensnennung – Version 2.0 (dl-de/by-2-0) (https://www.govdata.de/dl-de/by-2-0)","de","https://services6.arcgis.com/jiszdsDupTUO3fSM/arcgis/rest/services/Bodenrichtwerte_2018/FeatureServer","public","custom","Stadt Chemnitz","12.709822,50.710742,13.065435,50.935434",""
"07b9d80a78ff4ac995cad96fb53a115a","GISAdminChemnitz","Tue, 24 Oct 2017 06:43:34 GMT","Fri, 15 Feb 2019 10:53:44 GMT","Bodenrichtwerte_2012","Feature Service","[Metadaten] Für die Bewertung von Grundstücken auf der Basis von Kauffalldaten abgeleitete Werte.","Chemnitz,Bodenrichtwerte,Richtwerte,besondere Bodenrichtwerte,unbebaute Grundstücke,allgemein","Bodenrichtwerte von 2012 der Stadt Chemnitz","","","Datenlizenz Deutschland – Namensnennung – Version 2.0 (dl-de/by-2-0) (https://www.govdata.de/dl-de/by-2-0)","de","https://services6.arcgis.com/jiszdsDupTUO3fSM/arcgis/rest/services/Bodenrichtwerte_2012/FeatureServer","public","custom","Stadt Chemnitz","12.709822,50.710742,13.065435,50.935434",""
"60bf2f8a713541be8e6ad3c27a5efe9f","GISAdminChemnitz","Tue, 24 Oct 2017 06:42:51 GMT","Fri, 15 Feb 2019 10:53:41 GMT","Bodenrichtwerte_2011","Feature Service","[Metadaten] Für die Bewertung von Grundstücken auf der Basis von Kauffalldaten abgeleitete Werte.","Chemnitz,Bodenrichtwerte,Richtwerte,besondere Bodenrichtwerte,unbebaute Grundstücke,allgemein","Bodenrichtwerte von 2011 der Stadt Chemnitz","","","Datenlizenz Deutschland – Namensnennung – Version 2.0 (dl-de/by-2-0) (https://www.govdata.de/dl-de/by-2-0)","de","https://services6.arcgis.com/jiszdsDupTUO3fSM/arcgis/rest/services/Bodenrichtwerte_2011/FeatureServer","public","custom","Stadt Chemnitz","12.709822,50.710742,13.065435,50.935434",""
"efee76aca6044d8fb1bb247f73792e7d","GISAdminChemnitz","Fri, 15 Feb 2019 10:42:41 GMT","Fri, 15 Feb 2019 10:50:19 GMT","Marktrichtwerte_2019","Feature Service","[Metadaten] Für die Bewertung von bebauten Grundstücken. Auf Basis von Kauffalldaten abgeleitete Werte und Umrechnungen.","Chemnitz,Marktrichtwerte,Richtwerte,bebaute Grundstücke,Eigentumswohnungen,allgemein","Marktrichtwerte von 2019 der Stadt Chemnitz","","","Datenlizenz Deutschland – Namensnennung – Version 2.0 (dl-de/by-2-0) (https://www.govdata.de/dl-de/by-2-0)","de","https://services6.arcgis.com/jiszdsDupTUO3fSM/arcgis/rest/services/Marktrichtwerte_2019/FeatureServer","public","custom","Stadt Chemnitz","12.709822,50.710742,13.065435,50.935434",""
"603ba584280d42348536244eb91438fd","GISAdminChemnitz","Fri, 15 Feb 2019 10:42:34 GMT","Fri, 15 Feb 2019 10:50:18 GMT","Bodenrichtwerte_2019","Feature Service","[Metadaten] Für die Bewertung von Grundstücken auf der Basis von Kauffalldaten abgeleitete Werte.","Chemnitz,Bodenrichtwerte,Richtwerte,besondere Bodenrichtwerte,unbebaute Grundstücke,allgemein","Bodenrichtwerte von 2019 der Stadt Chemnitz","","","Datenlizenz Deutschland – Namensnennung – Version 2.0 (dl-de/by-2-0) (https://www.govdata.de/dl-de/by-2-0)","de","https://services6.arcgis.com/jiszdsDupTUO3fSM/arcgis/rest/services/Bodenrichtwerte_2019/FeatureServer","public","custom","Stadt Chemnitz","12.709822,50.710742,13.065435,50.935434",""
"e9188fcc120347fe9674a1e2475760b4","GISAdminChemnitz","Tue, 13 Mar 2018 09:08:43 GMT","Tue, 13 Mar 2018 09:15:18 GMT","Marktrichtwerte_2018","Feature Service","[Metadaten] Für die Bewertung von bebauten Grundstücken. Auf Basis von Kauffalldaten abgeleitete Werte und Umrechnungen.","Chemnitz,Marktrichtwerte,Richtwerte,bebaute Grundstücke,Eigentumswohnungen,allgemein","Marktrichtwerte von 2018 der Stadt Chemnitz","","","Datenlizenz Deutschland – Namensnennung – Version 2.0 (dl-de/by-2-0) (https://www.govdata.de/dl-de/by-2-0)","de","https://services6.arcgis.com/jiszdsDupTUO3fSM/arcgis/rest/services/Marktrichtwerte_2018/FeatureServer","public","custom","Stadt Chemnitz","12.709822,50.710742,13.065435,50.935434",""
"9f4648bfd17d45df8030ee71dbfcf7ad","GISAdminChemnitz","Tue, 24 Oct 2017 06:03:24 GMT","Tue, 24 Oct 2017 06:08:26 GMT","Bodenrichtwerte_2010","Feature Service","[Metadaten] Für die Bewertung von Grundstücken auf der Basis von Kauffalldaten abgeleitete Werte.","Chemnitz,Bodenrichtwerte,Richtwerte,besondere Bodenrichtwerte,unbebaute Grundstücke,allgemein","Bodenrichtwerte von 2010 der Stadt Chemnitz","","","Datenlizenz Deutschland – Namensnennung – Version 2.0 (dl-de/by-2-0) (https://www.govdata.de/dl-de/by-2-0)","de","https://services6.arcgis.com/jiszdsDupTUO3fSM/arcgis/rest/services/Bodenrichtwerte_2010/FeatureServer","public","custom","Stadt Chemnitz","12.709822,50.710742,13.065435,50.935434",""
"6adc3a1eb3204a7d96f4017b78e12f79","GISAdminChemnitz","Mon, 04 Sep 2017 08:09:45 GMT","Tue, 12 Sep 2017 11:39:30 GMT","Marktrichtwerte_2017","Feature Service","[Metadaten] Für die Bewertung von bebauten Grundstücken. Auf Basis von Kauffalldaten abgeleitete Werte und Umrechnungen.","Chemnitz,Marktrichtwerte,Richtwerte,bebaute Grundstücke,Eigentumswohnungen,allgemein","Marktrichtwerte von 2017 der Stadt Chemnitz","","","Datenlizenz Deutschland – Namensnennung – Version 2.0 (dl-de/by-2-0) (https://www.govdata.de/dl-de/by-2-0)","de","https://services6.arcgis.com/jiszdsDupTUO3fSM/arcgis/rest/services/Marktrichtwerte_2017/FeatureServer","public","custom","Stadt Chemnitz","12.709822,50.710742,13.065435,50.935434",""
"30487cbd8e1948118a359fd327f5c93c","GISAdminChemnitz","Mon, 27 Feb 2017 07:52:16 GMT","Tue, 12 Sep 2017 11:39:25 GMT","Marktrichtwerte_2016","Feature Service","[Metadaten] Für die Bewertung von bebauten Grundstücken. Auf Basis von Kauffalldaten abgeleitete Werte und Umrechnungen.","Chemnitz,Marktrichtwerte,Richtwerte,bebaute Grundstücke,Eigentumswohnungen,allgemein","Marktrichtwerte von 2016 der Stadt Chemnitz","","","Datenlizenz Deutschland – Namensnennung – Version 2.0 (dl-de/by-2-0) (https://www.govdata.de/dl-de/by-2-0)","de","https://services6.arcgis.com/jiszdsDupTUO3fSM/arcgis/rest/services/Marktrichtwerte_2016/FeatureServer","public","custom","Stadt Chemnitz","12.709822,50.710742,13.065435,50.935434",""
"30a6fac5a8b1447e8be0c82101b2674b","GISAdminChemnitz","Mon, 27 Feb 2017 07:52:14 GMT","Tue, 12 Sep 2017 11:39:21 GMT","Marktrichtwerte_2015","Feature Service","[Metadaten] Für die Bewertung von bebauten Grundstücken. Auf Basis von Kauffalldaten abgeleitete Werte und Umrechnungen.","Chemnitz,Marktrichtwerte,Richtwerte,bebaute Grundstücke,Eigentumswohnungen,allgemein","Marktrichtwerte von 2015 der Stadt Chemnitz","","","Datenlizenz Deutschland – Namensnennung – Version 2.0 (dl-de/by-2-0) (https://www.govdata.de/dl-de/by-2-0)","de","https://services6.arcgis.com/jiszdsDupTUO3fSM/arcgis/rest/services/Marktrichtwerte_2015/FeatureServer","public","custom","Stadt Chemnitz","12.709822,50.710742,13.065435,50.935434",""
"9e6331b3b3a84e77a49b8395b0dbeb9e","GISAdminChemnitz","Mon, 27 Feb 2017 07:50:07 GMT","Tue, 12 Sep 2017 11:39:15 GMT","Marktrichtwerte_2014","Feature Service","[Metadaten] Für die Bewertung von bebauten Grundstücken. Auf Basis von Kauffalldaten abgeleitete Werte und Umrechnungen.","Chemnitz,Marktrichtwerte,Richtwerte,bebaute Grundstücke,Eigentumswohnungen,allgemein","Marktrichtwerte von 2014 der Stadt Chemnitz","","","Datenlizenz Deutschland – Namensnennung – Version 2.0 (dl-de/by-2-0) (https://www.govdata.de/dl-de/by-2-0)","de","https://services6.arcgis.com/jiszdsDupTUO3fSM/arcgis/rest/services/Marktrichtwerte_2014/FeatureServer","public","custom","Stadt Chemnitz","12.709822,50.710742,13.065435,50.935434",""
"cc5c0d224f5644dbb6d5a6c0f4bdce89","GISAdminChemnitz","Mon, 20 Mar 2017 11:43:14 GMT","Tue, 12 Sep 2017 11:32:22 GMT","Bodenrichtwerte_2017","Feature Service","[Metadaten] Für die Bewertung von Grundstücken auf der Basis von Kauffalldaten abgeleitete Werte.","Chemnitz,Bodenrichtwerte,Richtwerte,besondere Bodenrichtwerte,unbebaute Grundstücke,allgemein","Bodenrichtwerte von 2017 der Stadt Chemnitz","","","Datenlizenz Deutschland – Namensnennung – Version 2.0 (dl-de/by-2-0) (https://www.govdata.de/dl-de/by-2-0)","de","https://services6.arcgis.com/jiszdsDupTUO3fSM/arcgis/rest/services/Bodenrichtwerte_2017/FeatureServer","public","custom","Stadt Chemnitz","12.709822,50.710742,13.065435,50.935434",""
"0fe15e73c98a42989f0819e60401ad10","GISAdminChemnitz","Fri, 24 Feb 2017 12:17:12 GMT","Tue, 12 Sep 2017 11:32:16 GMT","Bodenrichtwerte_2016","Feature Service","[Metadaten] Für die Bewertung von Grundstücken auf der Basis von Kauffalldaten abgeleitete Werte.","Chemnitz,Bodenrichtwerte,Richtwerte,besondere Bodenrichtwerte,unbebaute Grundstücke,allgemein","Bodenrichtwerte von 2016 der Stadt Chemnitz","","","Datenlizenz Deutschland – Namensnennung – Version 2.0 (dl-de/by-2-0) (https://www.govdata.de/dl-de/by-2-0)","de","https://services6.arcgis.com/jiszdsDupTUO3fSM/arcgis/rest/services/Bodenrichtwerte_2016/FeatureServer","public","custom","Stadt Chemnitz","12.709822,50.710742,13.065435,50.935434",""
"2892dbaf471e432b90cbb2a8e2a09530","GISAdminChemnitz","Mon, 27 Feb 2017 09:33:33 GMT","Tue, 12 Sep 2017 11:32:11 GMT","Bodenrichtwerte_2015","Feature Service","[Metadaten] Für die Bewertung von Grundstücken auf der Basis von Kauffalldaten abgeleitete Werte.","Chemnitz,Bodenrichtwerte,Richtwerte,besondere Bodenrichtwerte,unbebaute Grundstücke,allgemein","Bodenrichtwerte von 2015 der Stadt Chemnitz","","","Datenlizenz Deutschland – Namensnennung – Version 2.0 (dl-de/by-2-0) (https://www.govdata.de/dl-de/by-2-0)","de","https://services6.arcgis.com/jiszdsDupTUO3fSM/arcgis/rest/services/Bodenrichtwerte_2015/FeatureServer","public","custom","Stadt Chemnitz","12.709822,50.710742,13.065435,50.935434",""
"35ed2c11f85945fba0c9dff20fef131b","GISAdminChemnitz","Mon, 27 Feb 2017 09:33:41 GMT","Tue, 12 Sep 2017 11:32:07 GMT","Bodenrichtwerte_2014","Feature Service","[Metadaten] Für die Bewertung von Grundstücken auf der Basis von Kauffalldaten abgeleitete Werte.","Chemnitz,Bodenrichtwerte,Richtwerte,besondere Bodenrichtwerte,unbebaute Grundstücke,allgemein","Bodenrichtwerte von 2014 der Stadt Chemnitz","","","Datenlizenz Deutschland – Namensnennung – Version 2.0 (dl-de/by-2-0) (https://www.govdata.de/dl-de/by-2-0)","de","https://services6.arcgis.com/jiszdsDupTUO3fSM/arcgis/rest/services/Bodenrichtwerte_2014/FeatureServer","public","custom","Stadt Chemnitz","12.709822,50.710742,13.065435,50.935434",""
"dbbc9e5859ac46df861224a0e93a8746","GISAdminChemnitz","Mon, 27 Feb 2017 09:33:55 GMT","Tue, 12 Sep 2017 11:32:02 GMT","Bodenrichtwerte_2013","Feature Service","[Metadaten] Für die Bewertung von Grundstücken auf der Basis von Kauffalldaten abgeleitete Werte.","Chemnitz,Bodenrichtwerte,Richtwerte,besondere Bodenrichtwerte,unbebaute Grundstücke,allgemein","Bodenrichtwerte von 2013 der Stadt Chemnitz","","","Datenlizenz Deutschland – Namensnennung – Version 2.0 (dl-de/by-2-0) (https://www.govdata.de/dl-de/by-2-0)","de","https://services6.arcgis.com/jiszdsDupTUO3fSM/arcgis/rest/services/Bodenrichtwerte_2013/FeatureServer","public","custom","Stadt Chemnitz","12.709822,50.710742,13.065435,50.935434",""
"c9f942b5ae474afeab207af5154a39b5","GISAdminChemnitz","Mon, 27 Feb 2017 10:02:35 GMT","Tue, 12 Sep 2017 11:20:08 GMT","Bodenrichtwerte_2009","Feature Service","[Metadaten] Für die Bewertung von Grundstücken auf der Basis von Kauffalldaten abgeleitete Werte.","Chemnitz,Bodenrichtwerte,Richtwerte,besondere Bodenrichtwerte,unbebaute Grundstücke,allgemein","Bodenrichtwerte von 2009 der Stadt Chemnitz","","","Datenlizenz Deutschland – Namensnennung – Version 2.0 (dl-de/by-2-0) (https://www.govdata.de/dl-de/by-2-0)","de","https://services6.arcgis.com/jiszdsDupTUO3fSM/arcgis/rest/services/Bodenrichtwerte_2009_Chemnitz/FeatureServer","public","custom","Stadt Chemnitz","12.709822,50.710742,13.065435,50.935434",""
"bb9b6dcd2c414632bf4bc5b62aecfed0","GISAdminChemnitz","Mon, 27 Feb 2017 10:02:42 GMT","Tue, 12 Sep 2017 11:20:03 GMT","Bodenrichtwerte_2008","Feature Service","[Metadaten] Für die Bewertung von Grundstücken auf der Basis von Kauffalldaten abgeleitete Werte.","Chemnitz,Bodenrichtwerte,Richtwerte,besondere Bodenrichtwerte,unbebaute Grundstücke,allgemein","Bodenrichtwerte von 2008 der Stadt Chemnitz","","","Datenlizenz Deutschland – Namensnennung – Version 2.0 (dl-de/by-2-0) (https://www.govdata.de/dl-de/by-2-0)","de","https://services6.arcgis.com/jiszdsDupTUO3fSM/arcgis/rest/services/Bodenrichtwerte_2008_Chemnitz/FeatureServer","public","custom","Stadt Chemnitz","12.709822,50.710742,13.065435,50.935434",""
"c7ed555cd90a4e1c97f3fdf767ef2157","GISAdminChemnitz","Mon, 27 Feb 2017 10:03:00 GMT","Tue, 12 Sep 2017 11:19:57 GMT","Bodenrichtwerte_2006","Feature Service","[Metadaten] Für die Bewertung von Grundstücken auf der Basis von Kauffalldaten abgeleitete Werte.","Chemnitz,Bodenrichtwerte,Richtwerte,besondere Bodenrichtwerte,unbebaute Grundstücke,allgemein","Bodenrichtwerte von 2006 der Stadt Chemnitz","","","Datenlizenz Deutschland – Namensnennung – Version 2.0 (dl-de/by-2-0) (https://www.govdata.de/dl-de/by-2-0)","de","https://services6.arcgis.com/jiszdsDupTUO3fSM/arcgis/rest/services/Bodenrichtwerte_2006/FeatureServer","public","custom","Stadt Chemnitz","12.709822,50.710742,13.065435,50.935434",""
"b8881936978e4a1a85d552ce7c8db341","GISAdminChemnitz","Mon, 27 Feb 2017 10:03:14 GMT","Tue, 12 Sep 2017 11:19:50 GMT","Bodenrichtwerte_2005","Feature Service","[Metadaten] Für die Bewertung von Grundstücken auf der Basis von Kauffalldaten abgeleitete Werte.","Chemnitz,Bodenrichtwerte,Richtwerte,besondere Bodenrichtwerte,unbebaute Grundstücke,allgemein","Bodenrichtwerte von 2005 der Stadt Chemnitz","","","Datenlizenz Deutschland – Namensnennung – Version 2.0 (dl-de/by-2-0) (https://www.govdata.de/dl-de/by-2-0)","de","https://services6.arcgis.com/jiszdsDupTUO3fSM/arcgis/rest/services/Bodenrichtwerte_2005/FeatureServer","public","custom","Stadt Chemnitz","12.709822,50.710742,13.065435,50.935434",""
"cf41780d2e5e459cbed2e96ecb88c629","GISAdminChemnitz","Mon, 27 Feb 2017 10:38:05 GMT","Tue, 12 Sep 2017 11:19:43 GMT","Bodenrichtwerte_2004","Feature Service","[Metadaten] Für die Bewertung von Grundstücken auf der Basis von Kauffalldaten abgeleitete Werte.","Chemnitz,Bodenrichtwerte,Richtwerte,besondere Bodenrichtwerte,unbebaute Grundstücke,allgemein","Bodenrichtwerte von 2004 der Stadt Chemnitz","","","Datenlizenz Deutschland – Namensnennung – Version 2.0 (dl-de/by-2-0) (https://www.govdata.de/dl-de/by-2-0)","de","https://services6.arcgis.com/jiszdsDupTUO3fSM/arcgis/rest/services/Bodenrichtwerte_2004_Chemnitz/FeatureServer","public","custom","Stadt Chemnitz","12.709822,50.710742,13.065435,50.935434",""
"6e3f518c682b45439c5a6f10e6406fca","GISAdminChemnitz","Mon, 27 Feb 2017 10:41:34 GMT","Tue, 12 Sep 2017 11:16:50 GMT","Bodenrichtwerte_1996","Feature Service","[Metadaten] Für die Bewertung von Grundstücken auf der Basis von Kauffalldaten abgeleitete Werte.","Chemnitz,Bodenrichtwerte,Richtwerte,besondere Bodenrichtwerte,unbebaute Grundstücke,allgemein","Bodenrichtwerte von 1996 der Stadt Chemnitz","","","Datenlizenz Deutschland – Namensnennung – Version 2.0 (dl-de/by-2-0) (https://www.govdata.de/dl-de/by-2-0)","de","https://services6.arcgis.com/jiszdsDupTUO3fSM/arcgis/rest/services/Bodenrichtwerte_1996/FeatureServer","public","custom","Stadt Chemnitz","12.709822,50.710742,13.065435,50.935434",""
"a768ec7486e745c18c6cd7355f3278e5","GISAdminChemnitz","Mon, 27 Feb 2017 10:41:25 GMT","Tue, 12 Sep 2017 11:16:42 GMT","Bodenrichtwerte_1997","Feature Service","[Metadaten] Für die Bewertung von Grundstücken auf der Basis von Kauffalldaten abgeleitete Werte.","Chemnitz,Bodenrichtwerte,Richtwerte,besondere Bodenrichtwerte,unbebaute Grundstücke,allgemein","Bodenrichtwerte von 1997 der Stadt Chemnitz","","","Datenlizenz Deutschland – Namensnennung – Version 2.0 (dl-de/by-2-0) (https://www.govdata.de/dl-de/by-2-0)","de","https://services6.arcgis.com/jiszdsDupTUO3fSM/arcgis/rest/services/Bodenrichtwerte_1997/FeatureServer","public","custom","Stadt Chemnitz","12.709822,50.710742,13.065435,50.935434",""
"bd1e8543af3e43eeac6b7423abcb424b","GISAdminChemnitz","Mon, 27 Feb 2017 10:41:16 GMT","Tue, 12 Sep 2017 11:16:35 GMT","Bodenrichtwerte_1998","Feature Service","[Metadaten] Für die Bewertung von Grundstücken auf der Basis von Kauffalldaten abgeleitete Werte.","Chemnitz,Bodenrichtwerte,Richtwerte,besondere Bodenrichtwerte,unbebaute Grundstücke,allgemein","Bodenrichtwerte von 1998 der Stadt Chemnitz","","","Datenlizenz Deutschland – Namensnennung – Version 2.0 (dl-de/by-2-0) (https://www.govdata.de/dl-de/by-2-0)","de","https://services6.arcgis.com/jiszdsDupTUO3fSM/arcgis/rest/services/Bodenrichtwerte_1998/FeatureServer","public","custom","Stadt Chemnitz","12.709822,50.710742,13.065435,50.935434",""
"c1cf7d89ecfa4945aa59c1419abd3c24","GISAdminChemnitz","Mon, 27 Feb 2017 10:41:11 GMT","Tue, 12 Sep 2017 11:16:30 GMT","Bodenrichtwerte_1999","Feature Service","[Metadaten] Für die Bewertung von Grundstücken auf der Basis von Kauffalldaten abgeleitete Werte.","Chemnitz,Bodenrichtwerte,Richtwerte,besondere Bodenrichtwerte,unbebaute Grundstücke,allgemein","Bodenrichtwerte von 1999 der Stadt Chemnitz","","","Datenlizenz Deutschland – Namensnennung – Version 2.0 (dl-de/by-2-0) (https://www.govdata.de/dl-de/by-2-0)","de","https://services6.arcgis.com/jiszdsDupTUO3fSM/arcgis/rest/services/Bodenrichtwerte_1999/FeatureServer","public","custom","Stadt Chemnitz","12.709822,50.710742,13.065435,50.935434",""
"480d80c2591b48458f7964e564adfd43","GISAdminChemnitz","Mon, 27 Feb 2017 10:38:41 GMT","Tue, 12 Sep 2017 11:16:23 GMT","Bodenrichtwerte_2000","Feature Service","[Metadaten] Für die Bewertung von Grundstücken auf der Basis von Kauffalldaten abgeleitete Werte.","Chemnitz,Bodenrichtwerte,Richtwerte,besondere Bodenrichtwerte,unbebaute Grundstücke,allgemein","Bodenrichtwerte von 2000 der Stadt Chemnitz","","","Datenlizenz Deutschland – Namensnennung – Version 2.0 (dl-de/by-2-0) (https://www.govdata.de/dl-de/by-2-0)","de","https://services6.arcgis.com/jiszdsDupTUO3fSM/arcgis/rest/services/Bodenrichtwerte_2000/FeatureServer","public","custom","Stadt Chemnitz","12.709822,50.710742,13.065435,50.935434",""
"eb64c57e9e9a4e98b95dc3cbd881d1a9","GISAdminChemnitz","Mon, 27 Feb 2017 10:38:33 GMT","Tue, 12 Sep 2017 11:16:18 GMT","Bodenrichtwerte_2001","Feature Service","[Metadaten] Für die Bewertung von Grundstücken auf der Basis von Kauffalldaten abgeleitete Werte.","Chemnitz,Bodenrichtwerte,Richtwerte,besondere Bodenrichtwerte,unbebaute Grundstücke,allgemein","Bodenrichtwerte von 2001 der Stadt Chemnitz","","","Datenlizenz Deutschland – Namensnennung – Version 2.0 (dl-de/by-2-0) (https://www.govdata.de/dl-de/by-2-0)","de","https://services6.arcgis.com/jiszdsDupTUO3fSM/arcgis/rest/services/Bodenrichtwerte_2001/FeatureServer","public","custom","Stadt Chemnitz","12.709822,50.710742,13.065435,50.935434",""
"4e04d66c3ae1482eaef4ccdf704e8089","GISAdminChemnitz","Mon, 27 Feb 2017 10:38:22 GMT","Tue, 12 Sep 2017 11:16:12 GMT","Bodenrichtwerte_2002","Feature Service","[Metadaten] Für die Bewertung von Grundstücken auf der Basis von Kauffalldaten abgeleitete Werte.","Chemnitz,Bodenrichtwerte,Richtwerte,besondere Bodenrichtwerte,unbebaute Grundstücke,allgemein","Bodenrichtwerte von 2002 der Stadt Chemnitz","","","Datenlizenz Deutschland – Namensnennung – Version 2.0 (dl-de/by-2-0) (https://www.govdata.de/dl-de/by-2-0)","de","https://services6.arcgis.com/jiszdsDupTUO3fSM/arcgis/rest/services/Bodenrichtwerte_2002/FeatureServer","public","custom","Stadt Chemnitz","12.709822,50.710742,13.065435,50.935434",""
"fc987dac6bf142a6acfb239ab2cc6c32","GISAdminChemnitz","Mon, 27 Feb 2017 10:38:12 GMT","Tue, 12 Sep 2017 11:16:02 GMT","Bodenrichtwerte_2003","Feature Service","[Metadaten] Für die Bewertung von Grundstücken auf der Basis von Kauffalldaten abgeleitete Werte.","Chemnitz,Bodenrichtwerte,Richtwerte,besondere Bodenrichtwerte,unbebaute Grundstücke,allgemein","Bodenrichtwerte von 2003 der Stadt Chemnitz","","","Datenlizenz Deutschland – Namensnennung – Version 2.0 (dl-de/by-2-0) (https://www.govdata.de/dl-de/by-2-0)","de","https://services6.arcgis.com/jiszdsDupTUO3fSM/arcgis/rest/services/Bodenrichtwerte_2003_Chemnitz/FeatureServer","public","custom","Stadt Chemnitz","12.709822,50.710742,13.065435,50.935434",""
"89d2350bd8b040a199ee30964233a974","GISAdminChemnitz","Mon, 27 Feb 2017 10:41:38 GMT","Tue, 12 Sep 2017 11:13:45 GMT","Bodenrichtwerte_1995","Feature Service","[Metadaten] Für die Bewertung von Grundstücken auf der Basis von Kauffalldaten abgeleitete Werte.","Chemnitz,Bodenrichtwerte,Richtwerte,besondere Bodenrichtwerte,unbebaute Grundstücke,allgemein","Bodenrichtwerte von 1995 der Stadt Chemnitz","","","Datenlizenz Deutschland – Namensnennung – Version 2.0 (dl-de/by-2-0) (https://www.govdata.de/dl-de/by-2-0)","de","https://services6.arcgis.com/jiszdsDupTUO3fSM/arcgis/rest/services/Bodenrichtwerte_1995/FeatureServer","public","custom","Stadt Chemnitz","12.709822,50.710742,13.065435,50.935434",""
"49af6a05b88a4557a30d90004c41f9ad","GISAdminChemnitz","Mon, 27 Feb 2017 10:41:45 GMT","Tue, 12 Sep 2017 11:13:38 GMT","Bodenrichtwerte_1994","Feature Service","[Metadaten] Für die Bewertung von Grundstücken auf der Basis von Kauffalldaten abgeleitete Werte.","Chemnitz,Bodenrichtwerte,Richtwerte,besondere Bodenrichtwerte,unbebaute Grundstücke,allgemein","Bodenrichtwerte von 1994 der Stadt Chemnitz","","","Datenlizenz Deutschland – Namensnennung – Version 2.0 (dl-de/by-2-0) (https://www.govdata.de/dl-de/by-2-0)","de","https://services6.arcgis.com/jiszdsDupTUO3fSM/arcgis/rest/services/Bodenrichtwerte_1994/FeatureServer","public","custom","Stadt Chemnitz","12.709822,50.710742,13.065435,50.935434",""
"b7710f2e26ff4a599c5daf68ded465ad","GISAdminChemnitz","Mon, 27 Feb 2017 10:41:55 GMT","Tue, 12 Sep 2017 11:13:26 GMT","Bodenrichtwerte_1993","Feature Service","[Metadaten] Für die Bewertung von Grundstücken auf der Basis von Kauffalldaten abgeleitete Werte.","Chemnitz,Bodenrichtwerte,Richtwerte,besondere Bodenrichtwerte,unbebaute Grundstücke,allgemein","Bodenrichtwerte von 1993 der Stadt Chemnitz","","","Datenlizenz Deutschland – Namensnennung – Version 2.0 (dl-de/by-2-0) (https://www.govdata.de/dl-de/by-2-0)","de","https://services6.arcgis.com/jiszdsDupTUO3fSM/arcgis/rest/services/Bodenrichtwerte_1993/FeatureServer","public","custom","Stadt Chemnitz","12.709822,50.710742,13.065435,50.935434",""
"a5efd58e744c466a9e7a4ee13c9b072b","GISAdminChemnitz","Mon, 27 Feb 2017 10:42:01 GMT","Tue, 12 Sep 2017 11:13:19 GMT","Bodenrichtwerte_1992","Feature Service","[Metadaten] Für die Bewertung von Grundstücken auf der Basis von Kauffalldaten abgeleitete Werte.","Chemnitz,Bodenrichtwerte,Richtwerte,besondere Bodenrichtwerte,unbebaute Grundstücke,allgemein","Bodenrichtwerte von 1992 der Stadt Chemnitz","","","Datenlizenz Deutschland – Namensnennung – Version 2.0 (dl-de/by-2-0) (https://www.govdata.de/dl-de/by-2-0)","de","https://services6.arcgis.com/jiszdsDupTUO3fSM/arcgis/rest/services/Bodenrichtwerte_1992/FeatureServer","public","custom","Stadt Chemnitz","12.709822,50.710742,13.065435,50.935434",""